H6_CLS-BENZ6-201_COOH_NH2-L2_CLS-201_H_H_COOH_-HXL_A,3.623046875,13.26094
H6_CLS-BENZ6-201_COOH_NH2-L2_CLS-208-208_H_COOH_-HXL_A,5.09765625,13.26094
H6_CLS-BENZ6-201_COOH_NH2-T3_CLS-307_NO2_Cl_CHO_-KGD,9.6484375,10.63280
H6_CLS-BENZ6-201_EPO_NH2-T3_CLS-307_H_NH2_COOH_-KGD,4.56640625,10.71437
H6_CLS-BENZ6-201_H_COOH-L2_CLS-201_H_SO2H_NH2_-HXL_A,6.90625,11.71675
H6_CLS-BENZ6-201_H_COOH-L2_CLS-203_H_COOH_NH2_-HXL_A,6.3984375,11.89532
H6_CLS-BENZ6-201_H_COOH-T3_CLS-306_NO_H_NH2_-KGD,4.796875,9.84985
H6_CLS-BENZ6-201_H_NH2-L2_CLS-201_I_H_CHO_-HXL_A,5.89453125,11.78649
H6_CLS-BENZ6-201_H_NH2-L2_CLS-203_H_OCOCH3_COOH_-HXL_A,5.35546875,12.27181
H6_CLS-BENZ6-201_H_NH2-L2_CLS-206_OH_H_CHO_-HXL_A,5.3671875,12.49681
H6_CLS-BENZ6-201_H_NH2-L2_CLS-206_OH_H_COOH_-HXL_A,4.9609375,12.49681
H6_CLS-BENZ6-201_H_NH2-L2_CLS-208-207_H_COOH_-HXL_A,4.92578125,12.96987
H6_CLS-BENZ6-201_H_NH2-L2_CLS-210_Br_H_CHO_-HXL_A,5.07421875,12.04412
H6_CLS-BENZ6-201_H_NH2-T3_CLS-307_H_Br_CHO_-KGD,4.82421875,10.28764
H6_CLS-BENZ6-201_NH2_CHO-L2_CLS-201_H_COOH_NH2_-HXL_A,6.96875,11.89532
H6_CLS-BENZ6-201_NH2_COOH-T3_CLS-307_H_H_NH2_-KGD,3.552734375,9.84985
H6_CLS-BENZ6-201_OH_Cl-L2_CLS-201_H_H_Cl_-HXL_A,4.578125,10.57068
H6_CLS-BENZ6-202_CHO_COOH-L2_CLS-209_H_H_NH2_-HXL_A,4.3984375,13.07221
H6_CLS-BENZ6-202_COOH_NH2-T3_CLS-309-210_H_COOH_-KGD,4.28515625,10.50029
H6_CLS-BENZ6-202_EPO_COOH-L2_CLS-203_H_H_NH2_-HXL_A,4.28515625,13.29235
H6_CLS-BENZ6-202_H_Cl-T3_CLS-305-207_H_Cl_-KGD,4.12109375,8.24920
H6_CLS-BENZ6-202_H_COOH-L2_CLS-201_NO_H_NH2_-HXL_A,4.38671875,12.03866
H6_CLS-BENZ6-202_H_COOH-L2_CLS-207_H_CN_NH2_-HXL_A,4.4609375,11.68591
H6_CLS-BENZ6-202_H_COOH-L2_CLS-207_OMe_H_NH2_-HXL_A,5.28515625,12.07689
H6_CLS-BENZ6-202_H_COOH-T3_CLS-307_NO2_H_NH2_-KGD,6.03125,10.20566
H6_CLS-BENZ6-202_H_COOH-T3_CLS-309-202_H_NH2_-KGD,4.046875,9.84985
H6_CLS-BENZ6-202_H_NH2-L2_CLS-208-206_EPO_COOH_-HXL_A,4.40234375,12.09537
H6_CLS-BENZ6-202_H_NH2-L2_CLS-208-208_H_CHO_-HXL_A,9.203125,12.96987
H6_CLS-BENZ6-202_H_NH2-L2_CLS-208-210_H_COOH_-HXL_A,4.26953125,12.96987
H6_CLS-BENZ6-202_H_NH2-T3_CLS-305-209_H_COOH_-KGD,4.41796875,10.14955
H6_CLS-BENZ6-202_NH2_NH2-L2_CLS-208-201_H_COOH_-HXL_A,4.265625,12.96987
H6_CLS-BENZ6-203_H_NH2-L2_CLS-206_H_H_COOH_-HXL_A,4.4765625,12.96987
H6_CLS-BENZ6-203_H_NH2-L2_CLS-209_H_F_COOH_-HXL_A,5.265625,12.58284
H6_CLS-BENZ6-203_H_NH2-L2_CLS-210_H_H_CHO_-HXL_A,5.27734375,12.96987
H6_CLS-BENZ6-203_H_NH2-T3_CLS-308_H_H_COOH_-KGD,4.9609375,10.14955
H6_CLS-BENZ6-203_NH2_NH2-L2_CLS-208-208_CHO_CHO_-HXL_A,4.40625,12.18934
H6_CLS-BENZ6-206_CH3_COOH-L2_CLS-206_H_H_NH2_-HXL_A,4.125,13.26926
H6_CLS-BENZ6-206_CHO_CHO-L2_CLS-201_EPO_H_NH2_-HXL_A,5.0390625,12.09745
H6_CLS-BENZ6-206_CHO_COOH-T3_CLS-305-209_H_NH2_-KGD,7.15625,10.15744
H6_CLS-BENZ6-206_COOH_COOH-L2_CLS-206_CHO_H_NH2_-HXL_A,4.22265625,12.17968
H6_CLS-BENZ6-206_H_CHO-L2_CLS-201_I_I_NH2_-HXL_A,4.85546875,8.74047
H6_CLS-BENZ6-206_H_CHO-L2_CLS-208-205_H_NHOH_-HXL_A,8.8828125,12.90824
H6_CLS-BENZ6-206_H_CHO-T3_CLS-307_H_OCOCH3_NH2_-KGD,5.66015625,10.68898
H6_CLS-BENZ6-206_H_COOH-L2_CLS-201_H_OCOCH3_NH2_-HXL_A,6.67578125,12.03261
H6_CLS-BENZ6-206_H_COOH-L2_CLS-206_EPO_COOH_NH2_-HXL_A,9.1796875,9.35800
H6_CLS-BENZ6-206_H_COOH-L2_CLS-207_F_H_NH2_-HXL_A,5.015625,12.42729
H6_CLS-BENZ6-206_H_COOH-L2_CLS-208-208_OMe_NH2_-HXL_A,7.13671875,12.07689
H6_CLS-BENZ6-206_H_COOH-L2_CLS-208-210_H_NH2_-HXL_A,6.25390625,12.81742
H6_CLS-BENZ6-206_H_COOH-T3_CLS-306_I_H_NH2_-KGD,5.921875,9.84985
H6_CLS-BENZ6-206_H_COOH-T3_CLS-307_OMe_H_NH2_-KGD,5.765625,10.36591
H6_CLS-BENZ6-206_H_COOH-T3_CLS-308_H_H_NH2_-KGD,5.12109375,9.84985
H6_CLS-BENZ6-206_H_COOH-T3_CLS-309-206_Cl_NH2_-KGD,5.1640625,9.84985
H6_CLS-BENZ6-206_H_NH2-L2_CLS-201_H_COOH_COOH_-HXL_A,4.93359375,12.18664
H6_CLS-BENZ6-206_H_NH2-L2_CLS-201_NO_CHO_COOH_-HXL_A,7.3671875,10.83344
H6_CLS-BENZ6-206_H_NH2-L2_CLS-203_H_Cl_CHO_-HXL_A,8.453125,12.19101
H6_CLS-BENZ6-206_H_NH2-L2_CLS-208-207_H_COOH_-HXL_A,7.19921875,12.96987
H6_CLS-BENZ6-206_H_NH2-T3_CLS-301_CHO_H_CHO_-KGD,3.947265625,10.58993
H6_CLS-BENZ6-206_H_NH2-T3_CLS-305-207_H_CHO_-KGD,5.01953125,10.29274
H6_CLS-BENZ6-206_H_NH2-T3_CLS-306_H_NO_COOH_-KGD,5.15625,10.14955
H6_CLS-BENZ6-206_H_NH2-T3_CLS-307_OH_H_CHO_-KGD,5.08203125,10.29274
H6_CLS-BENZ6-206_I_CHO-T3_CLS-303_EPO_H_NH2_-KGD,19.609375,10.42411
H6_CLS-BENZ6-206_I_CHO-T3_CLS-307_F_H_NH2_-KGD,5.1171875,9.84985
H6_CLS-BENZ6-206_I_COOH-L2_CLS-208-206_NO_NH2_-HXL_A,5.2734375,12.03866
H6_CLS-BENZ6-206_I_NH2-T3_CLS-309-207_H_COOH_-KGD,4.734375,10.14955
H6_CLS-BENZ6-206_NH2_COOH-L2_CLS-208-206_H_NH2_-HXL_A,5.25,12.81742
H6_CLS-BENZ6-206_NO_COOH-L2_CLS-207_H_H_NH2_-HXL_A,4.68359375,13.26235
H6_CLS-BENZ6-206_NO2_NH2-L2_CLS-206_H_H_COOH_-HXL_A,6.78515625,12.81742
H6_CLS-BENZ6-207_Br_COOH-L2_CLS-207_H_H_NH2_-HXL_A,7.27734375,12.81742
H6_CLS-BENZ6-207_CHO_NH2-L2_CLS-206_H_H_CHO_-HXL_A,5.6875,13.22213
H6_CLS-BENZ6-207_CHS_NH2-T3_CLS-306_H_H_COOH_-KGD,5.39453125,10.45425
H6_CLS-BENZ6-207_Cl_COOH-L2_CLS-208-207_H_NH2_-HXL_A,9.046875,12.81742
H6_CLS-BENZ6-207_COOH_CHO-T3_CLS-307_H_H_NH2_-KGD,6.0625,10.20396
H6_CLS-BENZ6-207_COOH_NH2-T3_CLS-309-206_H_COOH_-KGD,5.81640625,10.50029
H6_CLS-BENZ6-207_EPO_COOH-T3_CLS-303_H_H_NH2_-KGD,4.89453125,10.42411
H6_CLS-BENZ6-207_EPO_NH2-L2_CLS-210_H_H_COOH_-HXL_A,3.888671875,13.44016
H6_CLS-BENZ6-207_F_CHO-L2_CLS-207_H_CHO_NH2_-HXL_A,5.13671875,12.13920
H6_CLS-BENZ6-207_H_CHO-L2_CLS-205_H_H_NHOH_-HXL_A,3.865234375,12.90824
H6_CLS-BENZ6-207_H_CHO-T3_CLS-307_H_CHS_NH2_-KGD,5.2421875,10.15744
H6_CLS-BENZ6-207_H_COOH-L2_CLS-205_H_H_NH2_-HXL_A,3.57421875,12.81742
H6_CLS-BENZ6-207_H_COOH-L2_CLS-207_H_OMe_NH2_-HXL_A,8.4140625,12.07785
H6_CLS-BENZ6-207_H_COOH-L2_CLS-208-202_H_NH2_-HXL_A,5.046875,12.81742
H6_CLS-BENZ6-207_H_COOH-T3_CLS-309-207_CHO_NH2_-KGD,7.046875,10.15744
H6_CLS-BENZ6-207_H_NH2-L2_CLS-201_CHS_H_CHO_-HXL_A,14.328125,12.05189
H6_CLS-BENZ6-207_H_NH2-L2_CLS-203_CHS_H_COOH_-HXL_A,6.8359375,12.05189
H6_CLS-BENZ6-207_H_NH2-L2_CLS-210_H_H_CHO_-HXL_A,3.7109375,12.96987
H6_CLS-BENZ6-207_H_NH2-L2_CLS-210_H_NO2_CHO_-HXL_A,5.9609375,12.26484
H6_CLS-BENZ6-207_H_NH2-T3_CLS-305-203_H_COOH_-KGD,5.60546875,10.14955
H6_CLS-BENZ6-207_H_NH2-T3_CLS-307_EPO_H_COOH_-KGD,5.7421875,10.71437
H6_CLS-BENZ6-207_I_CHO-T3_CLS-307_H_H_NH2_-KGD,4.9921875,9.84985
H6_CLS-BENZ6-207_I_COOH-L2_CLS-201_H_I_NH2_-HXL_A,5.0546875,11.61818
H6_CLS-BENZ6-207_I_NH2-L2_CLS-206_H_COOH_COOH_-HXL_A,4.3671875,12.18664
H6_CLS-BENZ6-207_NH2_CHO-L2_CLS-201_H_H_NH2_-HXL_A,4.57421875,12.81742
H6_CLS-BENZ6-207_NH2_CHO-L2_CLS-206_H_H_NH2_-HXL_A,5.4375,12.81742
H6_CLS-BENZ6-207_NO_COOH-T3_CLS-301_H_H_NH2_-KGD,4.9765625,10.50196
H6_CLS-BENZ6-207_NO2_NH2-T3_CLS-307_F_H_COOH_-KGD,6.484375,9.84985
H6_CLS-BENZ6-207_OCOCH3_COOH-T3_CLS-307_H_H_NH2_-KGD,5.19921875,10.69580
H6_CLS-BENZ6-207_OH_COOH-L2_CLS-208-207_H_NH2_-HXL_A,5.0078125,12.81742
H6_CLS-BENZ6-207_OH_COOH-L2_CLS-210_H_H_NH2_-HXL_A,3.806640625,12.81742
H6_CLS-BENZ6-208_CHO_NH2-L2_CLS-201_H_H_COOH_-HXL_A,7.359375,13.22213
H6_CLS-BENZ6-208_Cl_CHO-T3_CLS-307_F_H_NH2_-KGD,5.30859375,9.84985
H6_CLS-BENZ6-208_Cl_COOH-L2_CLS-208-210_H_NH2_-HXL_A,4.6953125,12.81742
H6_CLS-BENZ6-208_Cl_COOH-T3_CLS-303_H_H_NH2_-KGD,3.8046875,9.84985
H6_CLS-BENZ6-208_Cl_COOH-T3_CLS-307_H_Cl_NH2_-KGD,4.36328125,9.84733
H6_CLS-BENZ6-208_COOH_COOH-T3_CLS-303_H_H_NH2_-KGD,4.46875,10.20396
H6_CLS-BENZ6-208_H_CHO-L2_CLS-206_CHO_H_NHOH_-HXL_A,17.59375,12.22889
H6_CLS-BENZ6-208_H_Cl-L2_CLS-210_H_H_Cl_-HXL_A,4.99609375,10.57068
H6_CLS-BENZ6-208_H_COOH-T3_CLS-306_H_H_NH2_-KGD,5.40625,9.84985
H6_CLS-BENZ6-208_H_COOH-T3_CLS-309-210_H_NH2_-KGD,4.62890625,9.84985
H6_CLS-BENZ6-208_H_NH2-L2_CLS-204-210_H_COOH_-HXL_A,4.10546875,12.96987
H6_CLS-BENZ6-208_H_NH2-L2_CLS-207_H_H_COOH_-HXL_A,4.44921875,12.96987
H6_CLS-BENZ6-208_H_NH2-L2_CLS-208-206_COOH_COOH_-HXL_A,4.44921875,12.18664
H6_CLS-BENZ6-208_H_NH2-T3_CLS-306_OH_H_COOH_-KGD,7.140625,10.14955
H6_CLS-BENZ6-208_H_NH2-T3_CLS-307_OCOCH3_H_COOH_-KGD,4.29296875,11.00602
H6_CLS-BENZ6-208_H_NH2-T3_CLS-308_H_H_CHO_-KGD,4.33984375,10.29274
H6_CLS-BENZ6-208_H_NHOH-T3_CLS-307_CN_H_CHO_-KGD,4.71484375,10.35605
H6_CLS-BENZ6-208_NH2_NH2-L2_CLS-201_H_EPO_COOH_-HXL_A,4.30859375,12.09537
H6_CLS-BENZ6-208_OCOCH3_NH2-T3_CLS-309-210_H_COOH_-KGD,4.00390625,10.98328
H6_CLS-BENZ6-208_OH_CHO-T3_CLS-307_H_H_NH2_-KGD,4.2109375,9.84985
H6_CLS-BENZ6-208_OH_NHOH-L2_CLS-206_H_H_CHO_-HXL_A,4.36328125,13.06059
H6_CLS-BENZ6-208_SH_COOH-L2_CLS-201_H_H_NH2_-HXL_A,4.38671875,12.81742
H6_CLS-BENZ6-210_CHO_CHO-T3_CLS-309-209_H_NH2_-KGD,4.15625,10.15744
H6_CLS-BENZ6-210_CHO_COOH-L2_CLS-202_H_H_NH2_-HXL_A,5.265625,13.07221
H6_CLS-BENZ6-210_CHS_CHO-T3_CLS-307_H_H_NH2_-KGD,4.56640625,10.15744
H6_CLS-BENZ6-210_Cl_COOH-L2_CLS-208-210_OCOCH3_NH2_-HXL_A,7.65234375,12.03711
H6_CLS-BENZ6-210_EPO_COOH-L2_CLS-208-210_H_NH2_-HXL_A,4.3046875,13.29235
H6_CLS-BENZ6-210_EPO_NH2-L2_CLS-208-206_H_COOH_-HXL_A,3.935546875,13.44016
H6_CLS-BENZ6-210_H_CHO-L2_CLS-201_H_H_NH2_-HXL_A,6.0390625,12.81742
H6_CLS-BENZ6-210_H_CHO-L2_CLS-210_NO2_H_NH2_-HXL_A,4.97265625,12.23308
H6_CLS-BENZ6-210_H_CHO-T3_CLS-306_H_NH2_NHOH_-KGD,6.11328125,9.57320
H6_CLS-BENZ6-210_H_CHO-T3_CLS-307_H_H_NH2_-KGD,5.23046875,9.84985
H6_CLS-BENZ6-210_H_COOH-L2_CLS-201_NH2_H_NH2_-HXL_A,4.984375,12.32122
H6_CLS-BENZ6-210_H_COOH-L2_CLS-201_NO_COOH_NH2_-HXL_A,4.921875,10.13088
H6_CLS-BENZ6-210_H_COOH-L2_CLS-202_EPO_NH2_NH2_-HXL_A,19.890625,10.89813
H6_CLS-BENZ6-210_H_COOH-L2_CLS-202_H_H_NH2_-HXL_A,3.8203125,12.81742
H6_CLS-BENZ6-210_H_COOH-L2_CLS-205_H_H_NH2_-HXL_A,3.841796875,12.81742
H6_CLS-BENZ6-210_H_COOH-L2_CLS-210_I_H_NH2_-HXL_A,4.23046875,11.62146
H6_CLS-BENZ6-210_H_COOH-T3_CLS-305-206_H_NH2_-KGD,4.4609375,9.84985
H6_CLS-BENZ6-210_H_NH2-L2_CLS-208-204_COOH_COOH_-HXL_A,4.28125,12.18664
H6_CLS-BENZ6-210_H_NH2-T3_CLS-303_H_EPO_COOH_-KGD,4.4375,10.71437
H6_CLS-BENZ6-210_H_NH2-T3_CLS-305-201_H_COOH_-KGD,4.8515625,10.14955
H6_CLS-BENZ6-210_H_NH2-T3_CLS-307_H_Cl_COOH_-KGD,3.607421875,10.14955
H6_CLS-BENZ6-210_I_COOH-L2_CLS-207_H_H_NH2_-HXL_A,3.51953125,12.81742
H6_CLS-BENZ6-210_NO_COOH-T3_CLS-303_H_H_NH2_-KGD,6.78515625,13.26235
H6_CLS-BENZ6-210_NO2_NH2-L2_CLS-210_H_H_CHO_-HXL_A,9.2265625,9.84985
H6_CLS-BENZ6-210_OH_COOH-L2_CLS-208-206_H_NH2_-HXL_A,3.400390625,12.81742
H6_CLS-BENZ6-210_SH_COOH-L2_CLS-207_H_H_NH2_-HXL_A,3.9921875,12.81742
S4_CLS-PORP_Br_H_COOH-L2_CLS-206_NH2_H_NH2_-SQL_A,5.16015625,14.04671
S4_CLS-PORP_CHS_H_NH2-L2_CLS-208-206_H_CHO_-SQL_A,4.16015625,14.44175
S4_CLS-PORP_CHS_NH2_COOH-S4_CLS-PORP_H_H_NH2_-SQL,3.802734375,3.01856
S4_CLS-PORP_COOH_H_NH2-S4_CLS-PORP_COOH_H_COOH_-SQL,3.482421875,4.16424
S4_CLS-PORP_COOH_H_NH2-S4_CLS-PTCA_COOH_H_COOH_-SQL,5.38671875,5.57512
S4_CLS-PORP_EPO_H_NH2-S4_CLS-PORP_H_H_CHO_-SQL,4.40625,4.25378
S4_CLS-PORP_F_F_Cl-S4_CLS-PORP_H_F_Cl_-SQL,5.53515625,2.03746
S4_CLS-PORP_F_F_COOH-L2_CLS-207_H_H_NH2_-SQL_A,4.6875,14.04671
S4_CLS-PORP_F_F_NH2-S4_CLS-PORP_NO2_H_COOH_-SQL,3.96484375,3.79865
S4_CLS-PORP_F_H_NH2-S4_CLS-PORP_F_H_CHO_-SQL,4.01953125,3.42517
S4_CLS-PORP_F_H_NH2-S4_CLS-PTCA_NO_F_COOH_-SQL,4.39453125,5.14075
S4_CLS-PORP_F_NO_COOH-S4_CLS-PTCA_NO_H_NH2_-SQL,4.69921875,6.40791
S4_CLS-PORP_F_NO_NH2-S4_CLS-PTCA_NO_H_COOH_-SQL,4.203125,5.16999
S4_CLS-PORP_H_CHS_NH2-L2_CLS-207_H_H_CHO_-SQL_A,5.5234375,14.44175
S4_CLS-PORP_H_CHS_NH2-S4_CLS-PTCA_H_H_CHO_-SQL,4.51171875,5.40109
S4_CLS-PORP_H_COOH_COOH-L2_CLS-206_H_H_NH2_-SQL_A,4.5,13.64536
S4_CLS-PORP_H_COOH_COOH-S4_CLS-PORP_H_CHO_NH2_-SQL,3.701171875,4.19730
S4_CLS-PORP_H_COOH_COOH-S4_CLS-PTCA_EPO_H_NH2_-SQL,4.7734375,6.89274
S4_CLS-PORP_H_EPO_NH2-S4_CLS-PTCA_F_H_CHO_-SQL,4.66015625,5.81283
S4_CLS-PORP_H_F_COOH-S4_CLS-PORP_H_NO_NH2_-SQL,4.6875,3.46662
S4_CLS-PORP_H_F_COOH-S4_CLS-PORP_NO_H_NH2_-SQL,4.30078125,2.97014
S4_CLS-PORP_H_H_CHO-L2_CLS-208-208_H_NH2_-SQL_A,3.19921875,14.04671
S4_CLS-PORP_H_H_CHO-S4_CLS-PORP_NO_NO_NH2_-SQL,4.5625,2.82026
S4_CLS-PORP_H_H_CHO-S4_CLS-PTCA_H_EPO_NH2_-SQL,4.94140625,6.60706
S4_CLS-PORP_H_H_CHO-S4_CLS-PTCA_H_F_NHOH_-SQL,4.57421875,6.50109
S4_CLS-PORP_H_H_CHO-S4_CLS-PTCA_SO2H_H_NH2_-SQL,5.46484375,6.64304
S4_CLS-PORP_H_H_COOH-L2_CLS-208-207_CH3_NH2_-SQL_A,5.93359375,14.46521
S4_CLS-PORP_H_H_COOH-S4_CLS-PORP_H_OCOCH3_NH2_-SQL,3.6953125,5.10718
S4_CLS-PORP_H_H_COOH-S4_CLS-PORP_OMe_COOH_NH2_-SQL,4.0625,3.35351
S4_CLS-PORP_H_H_COOH-S4_CLS-PTCA_F_CHS_NH2_-SQL,3.759765625,6.19004
S4_CLS-PORP_H_H_COOH-S4_CLS-PTCA_H_H_NH2_-SQL,4.4375,6.42442
S4_CLS-PORP_H_H_NH2-L2_CLS-208-207_COOH_COOH_-SQL_A,8.1875,14.47771
S4_CLS-PORP_H_H_NH2-S4_CLS-PORP_F_NO_COOH_-SQL,4.984375,3.03575
S4_CLS-PORP_H_H_NH2-S4_CLS-PORP_NH2_OMe_COOH_-SQL,4.6875,3.68788
S4_CLS-PORP_H_H_NH2-S4_CLS-PTCA_F_OCOCH3_COOH_-SQL,5.41015625,6.45220
S4_CLS-PORP_H_H_NH2-S4_CLS-PTCA_OH_F_COOH_-SQL,4.8515625,5.14075
S4_CLS-PORP_H_NH2_CHO-S4_CLS-PTCA_COOH_H_NH2_-SQL,5.15625,6.64304
S4_CLS-PORP_H_NH2_NH2-S4_CLS-PTCA_F_H_COOH_-SQL,4.9609375,5.16999
S4_CLS-PORP_H_NO_COOH-S4_CLS-PORP_F_F_NH2_-SQL,3.734375,3.45280
S4_CLS-PORP_H_NO_COOH-S4_CLS-PORP_NO_H_NH2_-SQL,4.53125,2.82026
S4_CLS-PORP_H_NO_NH2-L2_CLS-208-210_H_COOH_-SQL_A,3.705078125,14.08678
S4_CLS-PORP_H_NO_NH2-S4_CLS-PORP_H_CN_CHO_-SQL,5.8828125,3.46499
S4_CLS-PORP_H_OH_COOH-L2_CLS-210_H_OCOCH3_NH2_-SQL_A,4.7734375,14.69408
S4_CLS-PORP_NH2_F_NH2-S4_CLS-PTCA_H_H_COOH_-SQL,5.5859375,5.16999
S4_CLS-PORP_NH2_H_COOH-S4_CLS-PTCA_CHO_CHS_NH2_-SQL,4.7265625,5.20953
S4_CLS-PORP_NO_H_COOH-S4_CLS-PTCA_NO2_H_NH2_-SQL,4.84765625,5.85451
S4_CLS-PORP_NO_H_NH2-S4_CLS-PORP_H_H_COOH_-SQL,4.7265625,3.42517
S4_CLS-PORP_OCOCH3_H_COOH-S4_CLS-PORP_NH2_H_NH2_-SQL,4.0078125,3.43556
S4_CLS-PORP_OCOCH3_H_NH2-S4_CLS-PORP_H_NO_COOH_-SQL,2.70703125,2.33531
S4_CLS-PORP_OH_H_COOH-L2_CLS-207_H_H_NH2_-SQL_A,4.9921875,14.04671
S4_CLS-PORP_OH_H_NH2-S4_CLS-PORP_NO_H_COOH_-SQL,4.9609375,3.42517
S4_CLS-PORP_OH_H_NH2-S4_CLS-PORP_OMe_H_COOH_-SQL,4.125,4.33930
S4_CLS-PTCA_Br_H_NH2-S4_CLS-PTCA_H_F_COOH_-SQL,5.1171875,8.49976
S4_CLS-PTCA_CH3_H_COOH-L2_CLS-208-208_H_NH2_-SQL_A,4.49609375,19.74838
S4_CLS-PTCA_CH3_H_NH2-S4_CLS-PORP_H_H_COOH_-SQL,4.64453125,6.90156
S4_CLS-PTCA_CHO_F_CHO-S4_CLS-PORP_H_NO_NH2_-SQL,4.95703125,5.36390
S4_CLS-PTCA_CHO_H_NH2-L2_CLS-207_H_H_CHO_-SQL_A,2.900390625,20.41693
S4_CLS-PTCA_CN_H_NH2-S4_CLS-PORP_H_H_CHO_-SQL,3.255859375,6.42442
S4_CLS-PTCA_COOH_H_COOH-S4_CLS-PTCA_COOH_H_NH2_-SQL,4.4375,8.90879
S4_CLS-PTCA_F_F_COOH-S4_CLS-PORP_H_H_NH2_-SQL,4.89453125,5.13827
S4_CLS-PTCA_F_F_COOH-S4_CLS-PTCA_H_NO_NH2_-SQL,4.35546875,8.49976
S4_CLS-PTCA_F_H_CHO-S4_CLS-PORP_H_H_NH2_-SQL,4.359375,5.16999
S4_CLS-PTCA_F_H_COOH-L2_CLS-207_H_H_NH2_-SQL_A,3.546875,19.43243
S4_CLS-PTCA_F_H_NH2-S4_CLS-PTCA_H_NO2_COOH_-SQL,5.01953125,8.69775
S4_CLS-PTCA_F_NO_NH2-S4_CLS-PTCA_F_H_COOH_-SQL,3.658203125,8.49976
S4_CLS-PTCA_F_NO_NH2-S4_CLS-PTCA_H_COOH_COOH_-SQL,5.671875,8.67667
S4_CLS-PTCA_H_CHO_NH2-L2_CLS-201_H_H_COOH_-SQL_A,5.359375,20.41693
S4_CLS-PTCA_H_CHS_COOH-S4_CLS-PORP_F_H_NH2_-SQL,4.74609375,5.40109
S4_CLS-PTCA_H_Cl_NH2-S4_CLS-PORP_H_H_COOH_-SQL,4.14453125,6.41940
S4_CLS-PTCA_H_COOH_COOH-S4_CLS-PORP_CN_H_NH2_-SQL,5.2109375,5.47122
S4_CLS-PTCA_H_EPO_COOH-S4_CLS-PORP_H_NO2_NH2_-SQL,5.69921875,6.01459
S4_CLS-PTCA_H_F_NHOH-S4_CLS-PORP_H_F_CHO_-SQL,4.58984375,6.50109
S4_CLS-PTCA_H_H_CHO-L2_CLS-207_H_CHS_NH2_-SQL_A,3.740234375,19.61000
S4_CLS-PTCA_H_H_CHO-L2_CLS-208-202_H_NH2_-SQL_A,3.951171875,19.43243
S4_CLS-PTCA_H_H_CHO-L2_CLS-208-202_H_NHOH_-SQL_A,3.220703125,19.59211
S4_CLS-PTCA_H_H_CHO-S4_CLS-PTCA_EPO_H_NHOH_-SQL,5.33203125,8.73695
S4_CLS-PTCA_H_H_COOH-L2_CLS-205_F_H_NH2_-SQL_A,2.41015625,19.43243
S4_CLS-PTCA_H_H_COOH-L2_CLS-208-208_H_NH2_-SQL_A,4.34765625,19.43243
S4_CLS-PTCA_H_H_COOH-L2_CLS-208-209_I_NH2_-SQL_A,3.685546875,19.43243
S4_CLS-PTCA_H_H_COOH-S4_CLS-PORP_H_COOH_NH2_-SQL,4.98046875,5.42475
S4_CLS-PTCA_H_H_COOH-S4_CLS-PTCA_CHS_H_NH2_-SQL,5.046875,8.67667
S4_CLS-PTCA_H_H_COOH-S4_CLS-PTCA_F_OMe_NH2_-SQL,4.859375,9.00805
S4_CLS-PTCA_H_H_NH2-L2_CLS-204-209_H_COOH_-SQL_A,3.431640625,20.24574
S4_CLS-PTCA_H_H_NH2-L2_CLS-208-202_H_COOH_-SQL_A,4.3515625,20.24574
S4_CLS-PTCA_H_H_NH2-L2_CLS-209_H_H_COOH_-SQL_A,3.021484375,20.24574
S4_CLS-PTCA_H_H_NH2-S4_CLS-PORP_H_F_COOH_-SQL,4.7421875,6.42442
S4_CLS-PTCA_H_H_NH2-S4_CLS-PORP_H_OMe_COOH_-SQL,3.71484375,7.04878
S4_CLS-PTCA_H_H_NH2-S4_CLS-PORP_NO_NO_COOH_-SQL,5.04296875,5.59660
S4_CLS-PTCA_H_H_NH2-S4_CLS-PTCA_Br_H_CHO_-SQL,4.6171875,8.49976
S4_CLS-PTCA_H_NH2_COOH-S4_CLS-PORP_H_F_NH2_-SQL,4.9453125,5.16999
S4_CLS-PTCA_H_NO_NH2-S4_CLS-PTCA_CHS_H_COOH_-SQL,5.16015625,8.67667
S4_CLS-PTCA_H_OH_NH2-L2_CLS-209_H_H_CHO_-SQL_A,3.109375,20.24574
S4_CLS-PTCA_NH2_CN_COOH-S4_CLS-PTCA_H_H_NH2_-SQL,4.83984375,8.49976
S4_CLS-PTCA_NO_Br_COOH-S4_CLS-PORP_H_H_NH2_-SQL,4.234375,5.06762
S4_CLS-PTCA_NO_H_COOH-S4_CLS-PTCA_NO_H_NH2_-SQL,4.24609375,8.49976
S4_CLS-PTCA_OCOCH3_H_NH2-S4_CLS-PORP_H_H_COOH_-SQL,3.587890625,6.42442
S4_CLS-PTCA_OH_F_NH2-S4_CLS-PORP_H_F_COOH_-SQL,4.625,5.99920
S4_CLS-PTCA_OH_H_NH2-S4_CLS-PORP_H_H_COOH_-SQL,4.4453125,6.42442
T3_CLS-301_CHO_H_CHO-L2_CLS-205_COOH_H_NH2_-HCB_A,3.591796875,28.01024
T3_CLS-301_H_H_CHO-L2_CLS-209_H_H_NH2_-HCB_A,4.2890625,32.00931
T3_CLS-301_H_H_COOH-L2_CLS-203_F_H_NH2_-HCB_A,4.48828125,30.78972
T3_CLS-301_H_H_COOH-L2_CLS-204-210_NH2_NH2_-HCB_A,4.44140625,30.39437
T3_CLS-301_H_H_NH2-L2_CLS-205_COOH_H_CHO_-HCB_A,3.412109375,28.57872
T3_CLS-301_H_H_NH2-L2_CLS-207_Cl_H_CHO_-HCB_A,4.63671875,29.59678
T3_CLS-301_H_H_NH2-L2_CLS-208-201_COOH_COOH_-HCB_A,4.4375,28.57872
T3_CLS-301_H_H_NH2-L2_CLS-210_H_OH_CHO_-HCB_A,3.140625,30.64419
T3_CLS-301_H_NO_NH2-L2_CLS-208-205_OCOCH3_COOH_-HCB_A,4.51953125,27.29884
T3_CLS-301_SO2H_H_NH2-L2_CLS-206_H_H_COOH_-HCB_A,4.37109375,30.90730
T3_CLS-302_H_H_COOH-L2_CLS-208-207_H_NH2_-HCB_A,4.375,32.00931
T3_CLS-303_CHO_COOH_NH2-L2_CLS-209_H_H_CHO_-HCB_A,4.50390625,31.22990
T3_CLS-303_CHO_H_NH2-L2_CLS-208-210_H_COOH_-HCB_A,4.49609375,32.24977
T3_CLS-303_COOH_COOH_COOH-L2_CLS-203_H_H_NH2_-HCB_A,4.375,30.64041
T3_CLS-303_COOH_H_CHO-L2_CLS-201_NH2_H_NH2_-HCB_A,4.40234375,30.53076
T3_CLS-303_COOH_H_CHO-L2_CLS-209_H_H_NH2_-HCB_A,4.6875,32.13928
T3_CLS-303_EPO_NO_NH2-L2_CLS-208-210_H_COOH_-HCB_A,6.0625,31.08775
T3_CLS-303_F_CHO_NH2-L2_CLS-208-202_H_COOH_-HCB_A,5.6328125,32.24977
T3_CLS-303_F_H_NH2-L2_CLS-208-202_COOH_CHO_-HCB_A,3.7578125,28.57872
T3_CLS-303_F_H_NH2-L2_CLS-208-208_SH_COOH_-HCB_A,4.55859375,30.09097
T3_CLS-303_H_CHO_NH2-L2_CLS-208-205_H_COOH_-HCB_A,7.13671875,32.24977
T3_CLS-303_H_Cl_NH2-L2_CLS-208-208_H_COOH_-HCB_A,4.34765625,32.13766
T3_CLS-303_H_COOH_COOH-L2_CLS-201_H_H_NH2_-HCB_A,5.42578125,30.64041
T3_CLS-303_H_COOH_COOH-L2_CLS-208-207_H_NH2_-HCB_A,4.3515625,30.64041
T3_CLS-303_H_COOH_COOH-L2_CLS-208-208_H_NH2_-HCB_A,4.0703125,30.64041
T3_CLS-303_H_COOH_NH2-L2_CLS-208-205_H_CHO_-HCB_A,4.203125,31.22990
T3_CLS-303_H_COOH_NH2-L2_CLS-208-208_H_COOH_-HCB_A,4.4765625,31.22990
T3_CLS-303_H_EPO_COOH-L2_CLS-208-210_EPO_NH2_-HCB_A,12.203125,28.05550
T3_CLS-303_H_EPO_COOH-L2_CLS-210_H_OCOCH3_NH2_-HCB_A,4.328125,26.77225
T3_CLS-303_H_F_NH2-L2_CLS-208-202_CHO_COOH_-HCB_A,5.65625,28.99610
T3_CLS-303_H_F_NH2-L2_CLS-208-206_SH_COOH_-HCB_A,4.67578125,30.09097
T3_CLS-303_H_H_CHO-L2_CLS-208-205_CHO_NH2_-HCB_A,8.7890625,29.18575
T3_CLS-303_H_H_CHO-L2_CLS-210_H_H_NH2_-HCB_A,4.47265625,32.00931
T3_CLS-303_H_H_COOH-L2_CLS-207_H_NO_NH2_-HCB_A,2.84375,29.38818
T3_CLS-303_H_H_COOH-L2_CLS-208-210_H_NH2_-HCB_A,5.15234375,32.00931
T3_CLS-303_H_H_COOH-L2_CLS-210_NH2_H_NH2_-HCB_A,4.484375,30.39437
T3_CLS-303_H_H_NH2-L2_CLS-201_H_OCOCH3_COOH_-HCB_A,7.30078125,27.30146
T3_CLS-303_H_H_NH2-L2_CLS-201_NO_NO_COOH_-HCB_A,4.6796875,29.17176
T3_CLS-303_H_H_NH2-L2_CLS-201_NO2_H_COOH_-HCB_A,5.7578125,29.97927
T3_CLS-303_H_H_NH2-L2_CLS-202_NH2_COOH_COOH_-HCB_A,4.484375,28.57871
T3_CLS-303_H_H_NH2-L2_CLS-203_EPO_NO2_COOH_-HCB_A,4.31640625,27.69367
T3_CLS-303_H_H_NH2-L2_CLS-203_H_NH2_COOH_-HCB_A,4.82421875,30.18629
T3_CLS-303_H_H_NH2-L2_CLS-205_OMe_H_CHO_-HCB_A,5.95703125,29.11355
T3_CLS-303_H_H_NH2-L2_CLS-206_H_SH_COOH_-HCB_A,4.72265625,30.09363
T3_CLS-303_H_H_NH2-L2_CLS-206_OH_EPO_CHO_-HCB_A,19.09375,27.67185
T3_CLS-303_H_H_NH2-L2_CLS-207_H_I_COOH_-HCB_A,7.5703125,28.03851
T3_CLS-303_H_H_NH2-L2_CLS-208-204_H_CHO_-HCB_A,4.328125,32.13766
T3_CLS-303_H_H_NH2-L2_CLS-208-205_CHS_COOH_-HCB_A,19.828125,28.44274
T3_CLS-303_H_H_NH2-L2_CLS-208-208_NO2_COOH_-HCB_A,4.29296875,29.17176
T3_CLS-303_H_H_NH2-L2_CLS-209_H_OCOCH3_COOH_-HCB_A,4.35546875,27.30146
T3_CLS-303_H_H_NH2-L2_CLS-210_OCOCH3_H_COOH_-HCB_A,4.6875,27.29884
T3_CLS-303_H_NH2_NH2-L2_CLS-201_H_NH2_COOH_-HCB_A,5.953125,30.18629
T3_CLS-303_H_NH2_NH2-L2_CLS-205_H_NO_COOH_-HCB_A,4.4375,29.98977
T3_CLS-303_H_NH2_NH2-L2_CLS-208-202_H_COOH_-HCB_A,5.1796875,32.13766
T3_CLS-303_H_NH2_NH2-L2_CLS-208-205_NO_CHO_-HCB_A,4.328125,29.98709
T3_CLS-303_H_NO_CHO-L2_CLS-201_H_H_NH2_-HCB_A,4.34765625,32.00184
T3_CLS-303_H_NO_NH2-L2_CLS-208-210_OH_COOH_-HCB_A,4.3828125,30.64386
T3_CLS-303_H_OCOCH3_NH2-L2_CLS-208-201_H_COOH_-HCB_A,4.421875,30.09453
T3_CLS-303_H_OCOCH3_NH2-L2_CLS-208-205_H_COOH_-HCB_A,19.578125,30.09453
T3_CLS-303_H_OMe_NH2-L2_CLS-208-202_H_COOH_-HCB_A,19.703125,31.69199
T3_CLS-303_H_SO2H_COOH-L2_CLS-204-206_H_NH2_-HCB_A,4.31640625,29.85944
T3_CLS-303_NH2_F_NH2-L2_CLS-208-205_H_COOH_-HCB_A,4.546875,32.13766
T3_CLS-303_NH2_H_NH2-L2_CLS-201_NH2_H_COOH_-HCB_A,6.6796875,30.18627
T3_CLS-303_NH2_H_NH2-L2_CLS-208-203_H_COOH_-HCB_A,4.84375,32.13766
T3_CLS-303_NH2_NO2_NH2-L2_CLS-208-207_H_COOH_-HCB_A,4.85546875,32.26778
T3_CLS-303_NO_H_NH2-L2_CLS-201_H_H_CHO_-HCB_A,4.015625,32.13992
T3_CLS-303_NO2_H_COOH-L2_CLS-208-209_H_NH2_-HCB_A,4.50390625,28.47175
T3_CLS-303_NO2_H_NH2-L2_CLS-208-205_CN_COOH_-HCB_A,4.765625,32.13766
T3_CLS-303_OCOCH3_H_COOH-L2_CLS-201_H_H_NH2_-HCB_A,5.77734375,31.85439
T3_CLS-303_OCOCH3_H_NH2-L2_CLS-208-205_Cl_COOH_-HCB_A,6.5234375,29.91953
T3_CLS-303_OCOCH3_H_NH2-L2_CLS-208-205_NO2_COOH_-HCB_A,19.875,29.36497
T3_CLS-303_OCOCH3_I_CHO-L2_CLS-208-205_H_NH2_-HCB_A,5.4921875,30.75891
T3_CLS-303_OH_H_NH2-L2_CLS-208-209_H_COOH_-HCB_A,4.7265625,32.13766
T3_CLS-303_OH_NO_NH2-L2_CLS-208-202_H_COOH_-HCB_A,9.25,32.13766
T3_CLS-303_OMe_H_NH2-L2_CLS-207_H_H_COOH_-HCB_A,8.484375,32.13261
T3_CLS-303_SO2H_NO_NH2-L2_CLS-208-202_H_COOH_-HCB_A,3.90625,30.90730
T3_CLS-305-201_H_COOH-L2_CLS-209_H_H_NH2_-HCB_A,7.2421875,32.00931
T3_CLS-305-201_H_NH2-L2_CLS-206_H_COOH_COOH_-HCB_A,3.99609375,28.57871
T3_CLS-305-201_H_NH2-L2_CLS-207_H_F_COOH_-HCB_A,5.078125,30.92835
T3_CLS-305-201_H_NH2-L2_CLS-208-210_SH_COOH_-HCB_A,4.796875,30.09097
T3_CLS-305-201_H_NH2-L2_CLS-209_H_NH2_CHO_-HCB_A,9.0703125,30.18629
T3_CLS-305-201_NH2_COOH-L2_CLS-201_EPO_H_NH2_-HCB_A,4.2734375,28.05550
T3_CLS-305-201_OMe_NH2-L2_CLS-208-208_H_CHO_-HCB_A,6.76953125,32.13261
T3_CLS-305-202_H_Cl-L2_CLS-208-201_H_Cl_-HCB_A,4.17578125,24.95646
T3_CLS-305-202_H_NH2-L2_CLS-208-210_EPO_COOH_-HCB_A,10.4453125,27.67185
T3_CLS-305-202_H_NH2-L2_CLS-208-210_NO_COOH_-HCB_A,5.00390625,29.98709
T3_CLS-305-202_SH_COOH-L2_CLS-201_NO2_H_NH2_-HCB_A,9.1953125,29.34041
T3_CLS-305-203_H_CHO-L2_CLS-209_H_COOH_NH2_-HCB_A,4.31640625,28.01025
T3_CLS-305-203_NH2_NH2-L2_CLS-208-206_NO_COOH_-HCB_A,4.3671875,29.98709
T3_CLS-305-206_CN_NH2-L2_CLS-208-206_NO_COOH_-HCB_A,8.1171875,29.98709
T3_CLS-305-206_F_CHO-L2_CLS-208-207_H_NH2_-HCB_A,4.85546875,32.00931
T3_CLS-305-206_H_COOH-L2_CLS-208-203_NO_NH2_-HCB_A,4.8125,29.38643
T3_CLS-305-206_H_COOH-L2_CLS-208-206_CHS_NH2_-HCB_A,19.03125,28.63439
T3_CLS-305-206_H_COOH-L2_CLS-208-206_NH2_NH2_-HCB_A,4.515625,30.39437
T3_CLS-305-206_H_NH2-L2_CLS-201_H_EPO_CHO_-HCB_A,4.2734375,27.67185
T3_CLS-305-206_H_NH2-L2_CLS-208-206_NO_COOH_-HCB_A,19.03125,29.98709
T3_CLS-305-206_H_NH2-L2_CLS-208-209_NO_CHO_-HCB_A,3.86328125,29.98709
T3_CLS-305-206_H_NH2-L2_CLS-209_H_H_CHO_-HCB_A,4.890625,32.13766
T3_CLS-305-206_NH2_COOH-L2_CLS-204-209_SH_NH2_-HCB_A,6.25390625,29.94828
T3_CLS-305-207_CN_NH2-L2_CLS-208-206_NO_COOH_-HCB_A,5.484375,29.98709
T3_CLS-305-207_H_NH2-L2_CLS-203_EPO_H_COOH_-HCB_A,9.2265625,27.67185
T3_CLS-305-207_H_NH2-L2_CLS-206_OMe_H_CHO_-HCB_A,4.4375,29.11355
T3_CLS-305-207_H_NH2-L2_CLS-208-206_SH_COOH_-HCB_A,5.1484375,30.09097
T3_CLS-305-207_H_NH2-L2_CLS-210_H_H_CHO_-HCB_A,4.25390625,32.13766
T3_CLS-305-207_H_NHOH-L2_CLS-207_H_H_CHO_-HCB_A,4.89453125,32.41669
T3_CLS-305-208_H_Cl-L2_CLS-206_H_H_Cl_-HCB_A,4.234375,24.95646
T3_CLS-305-208_H_COOH-L2_CLS-202_CHO_H_NH2_-HCB_A,4.484375,29.18575
T3_CLS-305-209_H_NH2-L2_CLS-202_H_H_CHO_-HCB_A,4.05078125,32.13766
T3_CLS-305-210_H_COOH-L2_CLS-203_CHO_H_NH2_-HCB_A,7.40625,29.18575
T3_CLS-305-210_H_NH2-L2_CLS-208-210_SH_COOH_-HCB_A,5.1953125,30.09097
T3_CLS-306_Br_H_COOH-L2_CLS-207_H_H_NH2_-HCB_A,5.68359375,32.00931
T3_CLS-306_CHO_H_NH2-L2_CLS-201_COOH_SH_CHO_-HCB_A,4.0625,28.57872
T3_CLS-306_CHS_H_COOH-L2_CLS-207_OH_H_NH2_-HCB_A,5.390625,30.51269
T3_CLS-306_CHS_H_NH2-L2_CLS-208-208_H_COOH_-HCB_A,4.57421875,31.81259
T3_CLS-306_EPO_H_COOH-L2_CLS-206_H_EPO_NH2_-HCB_A,5.71875,28.05551
T3_CLS-306_H_COOH_CHO-L2_CLS-206_H_H_NH2_-HCB_A,4.53515625,30.64041
T3_CLS-306_H_EPO_COOH-L2_CLS-206_H_H_NH2_-HCB_A,6.03125,30.47610
T3_CLS-306_H_H_CHO-L2_CLS-207_Cl_H_NHOH_-HCB_A,4.9609375,29.72005
T3_CLS-306_H_H_NH2-L2_CLS-202_CHS_COOH_COOH_-HCB_A,5.09375,28.39529
T3_CLS-306_H_H_NH2-L2_CLS-204-203_H_CHO_-HCB_A,3.818359375,32.13766
T3_CLS-306_H_H_NH2-L2_CLS-204-210_H_CHO_-HCB_A,4.6796875,32.13766
T3_CLS-306_H_H_NH2-L2_CLS-209_H_H_CHO_-HCB_A,3.423828125,32.13766
T3_CLS-306_H_H_NHOH-L2_CLS-202_H_H_CHO_-HCB_A,4.2734375,32.41669
T3_CLS-306_H_NH2_CHO-L2_CLS-206_H_H_NH2_-HCB_A,5.72265625,32.00931
T3_CLS-306_H_OCOCH3_NH2-L2_CLS-202_H_H_CHO_-HCB_A,4.359375,30.09453
T3_CLS-306_NH2_H_CHO-L2_CLS-206_H_H_NH2_-HCB_A,6.13671875,32.00931
T3_CLS-306_NO2_H_NH2-L2_CLS-207_H_NO_COOH_-HCB_A,5.36328125,30.12328
T3_CLS-307_Br_H_COOH-L2_CLS-203_H_Br_NH2_-HCB_A,3.677734375,28.88824
T3_CLS-307_Br_H_COOH-L2_CLS-207_H_OH_NH2_-HCB_A,3.412109375,30.39460
T3_CLS-307_Br_I_COOH-L2_CLS-207_H_H_NH2_-HCB_A,5.46875,30.44272
T3_CLS-307_CHO_H_CHO-L2_CLS-208-208_H_NH2_-HCB_A,4.26171875,32.12184
T3_CLS-307_CHO_H_COOH-L2_CLS-208-208_H_NH2_-HCB_A,4.18359375,32.12184
T3_CLS-307_CN_H_COOH-L2_CLS-204-208_H_NH2_-HCB_A,4.2890625,32.00931
T3_CLS-307_CN_H_COOH-L2_CLS-207_F_OMe_NH2_-HCB_A,9.234375,28.52360
T3_CLS-307_CN_H_COOH-L2_CLS-207_OH_NO_NH2_-HCB_A,3.802734375,29.38818
T3_CLS-307_CN_H_COOH-L2_CLS-208-202_H_NH2_-HCB_A,4.375,32.00931
T3_CLS-307_COOH_H_COOH-L2_CLS-208-208_H_NH2_-HCB_A,4.23828125,32.13928
T3_CLS-307_EPO_H_NH2-L2_CLS-207_H_H_COOH_-HCB_A,6.48828125,31.08775
T3_CLS-307_F_Br_COOH-L2_CLS-207_H_CN_NH2_-HCB_A,4.265625,28.13691
T3_CLS-307_F_EPO_COOH-L2_CLS-201_H_F_NH2_-HCB_A,9,30.44063
T3_CLS-307_F_F_COOH-L2_CLS-201_NO_H_NH2_-HCB_A,11.40625,29.38643
T3_CLS-307_F_H_CHO-L2_CLS-201_H_NO_NH2_-HCB_A,5.8984375,29.38818
T3_CLS-307_F_H_CHO-L2_CLS-204-210_CH3_NH2_-HCB_A,3.642578125,30.18508
T3_CLS-307_F_H_CHO-L2_CLS-208-206_CHO_NH2_-HCB_A,6.25390625,29.18575
T3_CLS-307_F_H_COOH-L2_CLS-201_H_OMe_NH2_-HCB_A,4.40234375,28.52360
T3_CLS-307_F_H_COOH-L2_CLS-203_F_CHS_NH2_-HCB_A,5.234375,28.63404
T3_CLS-307_F_H_COOH-L2_CLS-207_Br_F_NH2_-HCB_A,5.0703125,28.88569
T3_CLS-307_F_H_COOH-L2_CLS-207_H_H_NH2_-HCB_A,7.30078125,32.00931
T3_CLS-307_F_H_COOH-L2_CLS-208-202_I_NH2_-HCB_A,4.41015625,27.85370
T3_CLS-307_F_H_COOH-L2_CLS-208-208_H_NH2_-HCB_A,4.34375,32.00931
T3_CLS-307_H_Br_COOH-L2_CLS-207_H_F_NH2_-HCB_A,5.20703125,30.79112
T3_CLS-307_H_CHO_CHO-L2_CLS-208-206_H_NH2_-HCB_A,4.79296875,31.63870
T3_CLS-307_H_CHO_COOH-L2_CLS-201_H_NH2_NH2_-HCB_A,5.30078125,30.51247
T3_CLS-307_H_CHO_COOH-L2_CLS-206_H_H_NH2_-HCB_A,7.98828125,31.63870
T3_CLS-307_H_Cl_COOH-L2_CLS-201_NO_NO_NH2_-HCB_A,11.8515625,29.37709
T3_CLS-307_H_Cl_NH2-L2_CLS-208-210_H_COOH_-HCB_A,4.75,32.13766
T3_CLS-307_H_COOH_CHO-L2_CLS-202_NO_H_NH2_-HCB_A,4.1015625,29.52048
T3_CLS-307_H_COOH_COOH-L2_CLS-203_H_NH2_NH2_-HCB_A,5,30.51142
T3_CLS-307_H_COOH_COOH-L2_CLS-206_H_Cl_NH2_-HCB_A,11.6015625,29.57550
T3_CLS-307_H_COOH_COOH-L2_CLS-207_Cl_COOH_NH2_-HCB_A,6.34375,28.01025
T3_CLS-307_H_COOH_COOH-L2_CLS-207_I_OH_NH2_-HCB_A,5.55078125,27.99311
T3_CLS-307_H_EPO_COOH-L2_CLS-207_NO_H_NH2_-HCB_A,5.0234375,29.60701
T3_CLS-307_H_H_CHO-L2_CLS-206_COOH_H_NH2_-HCB_A,4.33203125,28.01024
T3_CLS-307_H_H_CHO-L2_CLS-207_H_COOH_NH2_-HCB_A,4.02734375,28.01025
T3_CLS-307_H_H_CHO-L2_CLS-210_H_CHS_NH2_-HCB_A,5.9921875,28.63404
T3_CLS-307_H_H_Cl-L2_CLS-201_CHO_H_Cl_-HCB_A,2.533203125,22.18666
T3_CLS-307_H_H_Cl-L2_CLS-210_H_H_Cl_-HCB_A,4.84375,24.95646
T3_CLS-307_H_H_COOH-L2_CLS-201_Cl_H_NH2_-HCB_A,9.2109375,29.44107
T3_CLS-307_H_H_COOH-L2_CLS-201_H_Cl_NH2_-HCB_A,9.2265625,29.44336
T3_CLS-307_H_H_COOH-L2_CLS-201_H_I_NH2_-HCB_A,5.9921875,27.85645
T3_CLS-307_H_H_COOH-L2_CLS-201_NH2_NO_NH2_-HCB_A,7.2578125,29.38818
T3_CLS-307_H_H_COOH-L2_CLS-203_F_NO_NH2_-HCB_A,5.1796875,29.38818
T3_CLS-307_H_H_COOH-L2_CLS-203_OH_EPO_NH2_-HCB_A,4.70703125,28.05551
T3_CLS-307_H_H_COOH-L2_CLS-204-207_F_NH2_-HCB_A,8.7890625,30.78972
T3_CLS-307_H_H_COOH-L2_CLS-206_H_NH2_NH2_-HCB_A,5.32421875,30.39439
T3_CLS-307_H_H_COOH-L2_CLS-207_Br_I_NH2_-HCB_A,5.42578125,27.85645
T3_CLS-307_H_H_COOH-L2_CLS-207_CN_F_NH2_-HCB_A,5.1171875,28.13563
T3_CLS-307_H_H_COOH-L2_CLS-207_I_NO_NH2_-HCB_A,2.95703125,27.85370
T3_CLS-307_H_H_COOH-L2_CLS-207_NO2_I_NH2_-HCB_A,4.9609375,27.99316
T3_CLS-307_H_H_COOH-L2_CLS-208-203_NO_NH2_-HCB_A,9.25,29.38643
T3_CLS-307_H_H_COOH-L2_CLS-208-208_CHS_NH2_-HCB_A,4.4609375,28.63439
T3_CLS-307_H_H_COOH-L2_CLS-208-209_F_NH2_-HCB_A,4.390625,30.78972
T3_CLS-307_H_H_COOH-L2_CLS-210_I_H_NH2_-HCB_A,4.6953125,27.85370
T3_CLS-307_H_H_NH2-L2_CLS-203_OCOCH3_H_COOH_-HCB_A,4.06640625,27.29884
T3_CLS-307_H_H_NH2-L2_CLS-204-202_H_COOH_-HCB_A,3.841796875,32.13766
T3_CLS-307_H_H_NH2-L2_CLS-206_NO_H_CHO_-HCB_A,2.94921875,29.98709
T3_CLS-307_H_H_NH2-L2_CLS-207_H_H_CHO_-HCB_A,4.375,32.13766
T3_CLS-307_H_H_NH2-L2_CLS-207_OH_OH_COOH_-HCB_A,5.25,30.63673
T3_CLS-307_H_H_NH2-L2_CLS-208-207_H_COOH_-HCB_A,4.44140625,32.13766
T3_CLS-307_H_H_NH2-L2_CLS-208-210_Cl_COOH_-HCB_A,4.41796875,29.59678
T3_CLS-307_H_H_NHOH-L2_CLS-210_H_H_CHO_-HCB_A,5.1171875,32.41669
T3_CLS-307_H_I_COOH-L2_CLS-201_F_H_NH2_-HCB_A,4.921875,30.40169
T3_CLS-307_H_I_COOH-L2_CLS-203_H_NH2_NH2_-HCB_A,4.09765625,30.38989
T3_CLS-307_H_I_COOH-L2_CLS-207_I_H_NH2_-HCB_A,6.5390625,27.85370
T3_CLS-307_H_I_COOH-L2_CLS-207_OCOCH3_NO_NH2_-HCB_A,4.39453125,26.77300
T3_CLS-307_H_NH2_COOH-L2_CLS-203_H_NH2_NH2_-HCB_A,6.54296875,30.39439
T3_CLS-307_H_NH2_COOH-L2_CLS-210_H_H_NH2_-HCB_A,4.875,32.00931
T3_CLS-307_H_NO_COOH-L2_CLS-203_F_H_NH2_-HCB_A,3.42578125,30.78972
T3_CLS-307_H_OCOCH3_COOH-L2_CLS-203_Br_CN_NH2_-HCB_A,6.30078125,28.47513
T3_CLS-307_H_OCOCH3_COOH-L2_CLS-203_H_F_NH2_-HCB_A,9.28125,29.47609
T3_CLS-307_H_OCOCH3_COOH-L2_CLS-209_H_F_NH2_-HCB_A,5.328125,29.47609
T3_CLS-307_H_OH_CHO-L2_CLS-206_H_H_NHOH_-HCB_A,4.828125,32.28841
T3_CLS-307_H_OH_COOH-L2_CLS-203_NO2_H_NH2_-HCB_A,8.2890625,29.34041
T3_CLS-307_H_OMe_COOH-L2_CLS-207_SO2H_H_NH2_-HCB_A,5.015625,27.25649
T3_CLS-307_NH2_H_NH2-L2_CLS-210_H_H_COOH_-HCB_A,3.60546875,32.13766
T3_CLS-307_NO_COOH_NH2-L2_CLS-208-201_H_COOH_-HCB_A,6.38671875,32.13992
T3_CLS-307_NO2_H_CHO-L2_CLS-209_H_H_NH2_-HCB_A,4.5546875,32.13992
T3_CLS-307_NO2_H_COOH-L2_CLS-208-207_H_NH2_-HCB_A,5.28515625,31.22990
T3_CLS-307_OCOCH3_EPO_COOH-L2_CLS-203_H_H_NH2_-HCB_A,7.08984375,30.81970
T3_CLS-307_OH_Br_COOH-L2_CLS-207_H_H_NH2_-HCB_A,4.41796875,31.43528
T3_CLS-307_OMe_COOH_COOH-L2_CLS-207_H_NO_NH2_-HCB_A,5.4296875,29.64901
T3_CLS-307_SH_H_COOH-L2_CLS-207_H_F_NH2_-HCB_A,5.69140625,30.79112
T3_CLS-308_CN_H_NH2-L2_CLS-204-201_H_COOH_-HCB_A,6.01171875,31.59908
T3_CLS-308_EPO_H_COOH-L2_CLS-207_H_H_NH2_-HCB_A,5.3046875,31.72182
T3_CLS-308_H_CHO_CHO-L2_CLS-205_H_H_NH2_-HCB_A,4.23828125,31.63870
T3_CLS-308_H_COOH_NH2-L2_CLS-208-210_H_COOH_-HCB_A,3.900390625,31.22990
T3_CLS-308_H_H_Cl-L2_CLS-207_H_H_Cl_-HCB_A,3.984375,24.95646
T3_CLS-308_H_H_COOH-L2_CLS-203_F_H_NH2_-HCB_A,4.47265625,30.78972
T3_CLS-308_H_H_COOH-L2_CLS-206_H_NH2_NH2_-HCB_A,3.0546875,30.39439
T3_CLS-308_H_H_NH2-L2_CLS-204-201_H_COOH_-HCB_A,4.37109375,32.13766
T3_CLS-308_H_H_NHOH-L2_CLS-210_H_H_CHO_-HCB_A,4.15625,32.41669
T3_CLS-308_I_H_Cl-L2_CLS-204-203_H_Cl_-HCB_A,3.984375,23.29849
T3_CLS-308_OMe_H_Cl-L2_CLS-206_H_H_Cl_-HCB_A,4.40234375,24.31947
T3_CLS-308_SH_H_NH2-L2_CLS-210_H_H_COOH_-HCB_A,3.447265625,32.13766
T3_CLS-309-201_H_CHO-L2_CLS-207_SH_H_NH2_-HCB_A,4.56640625,29.94828
T3_CLS-309-201_H_Cl-L2_CLS-201_H_NO_Cl_-HCB_A,4.5234375,22.35993
T3_CLS-309-201_H_COOH-L2_CLS-201_H_NO_NH2_-HCB_A,4.90234375,29.38818
T3_CLS-309-201_H_NH2-L2_CLS-208-201_H_COOH_-HCB_A,18.546875,32.13766
T3_CLS-309-201_NH2_NH2-L2_CLS-201_H_H_COOH_-HCB_A,5.05859375,32.13766
T3_CLS-309-202_H_COOH-L2_CLS-207_H_H_NH2_-HCB_A,7.40625,32.00931
T3_CLS-309-202_H_NH2-L2_CLS-201_H_COOH_COOH_-HCB_A,4.078125,28.57871
T3_CLS-309-202_H_NH2-L2_CLS-210_SO2H_H_COOH_-HCB_A,3.814453125,27.78295
T3_CLS-309-202_NO_COOH-L2_CLS-207_CN_H_NH2_-HCB_A,5.0078125,28.13563
T3_CLS-309-203_H_COOH-L2_CLS-202_H_H_NH2_-HCB_A,4.859375,32.00931
T3_CLS-309-203_H_COOH-L2_CLS-208-206_H_NH2_-HCB_A,19.03125,32.00931
T3_CLS-309-203_H_COOH-L2_CLS-209_H_H_NH2_-HCB_A,4.37890625,32.00931
T3_CLS-309-205_H_CHO-L2_CLS-206_H_H_NH2_-HCB_A,9.2578125,32.00931
T3_CLS-309-206_COOH_COOH-L2_CLS-208-206_H_NH2_-HCB_A,10.3125,32.13928
T3_CLS-309-206_COOH_NH2-L2_CLS-208-206_H_COOH_-HCB_A,7.2421875,31.69883
T3_CLS-309-206_COOH_NH2-L2_CLS-208-206_NO_COOH_-HCB_A,9.1796875,30.12000
T3_CLS-309-206_F_NH2-L2_CLS-204-206_H_COOH_-HCB_A,5.7265625,32.13766
T3_CLS-309-206_H_Cl-L2_CLS-204-209_H_Cl_-HCB_A,3.185546875,24.95646
T3_CLS-309-206_H_NH2-L2_CLS-204-206_H_CHO_-HCB_A,4.08203125,32.13766
T3_CLS-309-206_H_NH2-L2_CLS-208-207_H_CHO_-HCB_A,9.875,32.13766
T3_CLS-309-207_H_CHO-L2_CLS-201_H_NH2_NH2_-HCB_A,5.1484375,30.39439
T3_CLS-309-207_H_CHO-L2_CLS-205_H_CHO_NH2_-HCB_A,4.9921875,29.18676
T3_CLS-309-207_H_COOH-L2_CLS-201_H_F_NH2_-HCB_A,2.322265625,30.79112
T3_CLS-309-207_H_COOH-L2_CLS-206_COOH_H_NH2_-HCB_A,3.140625,28.01024
T3_CLS-309-207_H_NH2-L2_CLS-206_H_NH2_CHO_-HCB_A,5.55078125,30.18629
T3_CLS-309-208_CH3_COOH-L2_CLS-208-206_COOH_NH2_-HCB_A,19.046875,28.09051
T3_CLS-309-208_H_COOH-L2_CLS-206_H_NH2_NH2_-HCB_A,4.96484375,30.39439
T3_CLS-309-210_CHO_CHO-L2_CLS-208-208_H_NH2_-HCB_A,4.3828125,32.12184
T3_CLS-309-210_Cl_CHO-L2_CLS-208-206_F_NH2_-HCB_A,4.9609375,30.78972
T3_CLS-309-210_NO2_CHO-L2_CLS-208-206_H_NH2_-HCB_A,9.2109375,32.13992
T3_CLS-310-202_H_NH2-L2_CLS-207_H_COOH_COOH_-HCB_A,4.4609375,28.57871
T3_CLS-310-205_H_CHO-L2_CLS-208-205_H_NH2_-HCB_A,5.50390625,32.00931
