H6_CLS-BENZ6-201_CN_NH2-L2_CLS-201_H_OCOCH3_COOH_-HXL_A,19.828125,12.27181
H6_CLS-BENZ6-201_COOH_NH2-L2_CLS-201_H_OCOCH3_COOH_-HXL_A,18.828125,12.27181
H6_CLS-BENZ6-201_H_Cl-L2_CLS-206_EPO_H_Cl_-HXL_A,19.359375,10.00255
H6_CLS-BENZ6-201_H_COOH-L2_CLS-202_NH2_H_NH2_-HXL_A,18.796875,12.32122
H6_CLS-BENZ6-201_H_NH2-L2_CLS-206_H_NH2_CHO_-HXL_A,18.21875,12.36217
H6_CLS-BENZ6-201_H_NH2-T3_CLS-305-209_EPO_CHO_-KGD,17.140625,10.84552
H6_CLS-BENZ6-201_H_NH2-T3_CLS-307_CHS_OH_COOH_-KGD,18.90625,10.45083
H6_CLS-BENZ6-201_I_NH2-T3_CLS-307_H_H_COOH_-KGD,18.109375,10.14955
H6_CLS-BENZ6-202_H_COOH-L2_CLS-208-202_I_NH2_-HXL_A,19.59375,11.62146
H6_CLS-BENZ6-206_CHO_CHO-L2_CLS-206_H_NH2_NH2_-HXL_A,19.21875,12.58056
H6_CLS-BENZ6-206_H_CHO-L2_CLS-201_H_COOH_NH2_-HXL_A,19.78125,11.89532
H6_CLS-BENZ6-206_H_CHO-L2_CLS-206_SH_CHO_NH2_-HXL_A,17.53125,10.69691
H6_CLS-BENZ6-206_H_COOH-L2_CLS-210_EPO_H_NH2_-HXL_A,18.71875,12.09745
H6_CLS-BENZ6-206_H_COOH-T3_CLS-308_EPO_H_NH2_-KGD,19.03125,10.42411
H6_CLS-BENZ6-206_I_CHO-T3_CLS-303_EPO_H_NH2_-KGD,19.609375,10.42411
H6_CLS-BENZ6-207_CHS_NH2-L2_CLS-201_H_H_COOH_-HXL_A,16.890625,13.22213
H6_CLS-BENZ6-207_COOH_CHO-L2_CLS-201_H_CHO_NH2_-HXL_A,19.375,12.17808
H6_CLS-BENZ6-207_H_CHO-L2_CLS-201_NO_H_NH2_-HXL_A,18.46875,12.03866
H6_CLS-BENZ6-207_H_COOH-L2_CLS-206_CHO_H_NH2_-HXL_A,16.59375,12.14047
H6_CLS-BENZ6-207_H_COOH-L2_CLS-206_H_NO2_NH2_-HXL_A,19.875,12.23015
H6_CLS-BENZ6-207_H_COOH-L2_CLS-207_CHO_H_NH2_-HXL_A,20.921875,12.14047
H6_CLS-BENZ6-207_H_COOH-L2_CLS-210_H_NO2_NH2_-HXL_A,17.9375,12.23015
H6_CLS-BENZ6-207_H_NH2-T3_CLS-303_H_COOH_COOH_-KGD,18.21875,10.50029
H6_CLS-BENZ6-207_NH2_COOH-T3_CLS-305-206_H_NH2_-KGD,17.578125,9.84985
H6_CLS-BENZ6-208_CH3_CHO-L2_CLS-206_OMe_H_NH2_-HXL_A,19.609375,12.09462
H6_CLS-BENZ6-208_CHO_CHO-L2_CLS-206_Br_H_NH2_-HXL_A,20.359375,12.13421
H6_CLS-BENZ6-208_CHO_CHO-L2_CLS-206_F_OMe_NH2_-HXL_A,19.0625,11.18450
H6_CLS-BENZ6-208_CHO_CHO-L2_CLS-206_H_CHS_NH2_-HXL_A,18.359375,11.99578
H6_CLS-BENZ6-208_CHO_CHO-L2_CLS-206_H_COOH_NH2_-HXL_A,20.390625,11.89532
H6_CLS-BENZ6-208_CHO_CHO-L2_CLS-206_H_H_NH2_-HXL_A,18.296875,13.07221
H6_CLS-BENZ6-208_CHO_CHO-L2_CLS-206_H_NO_NH2_-HXL_A,20.15625,12.30573
H6_CLS-BENZ6-208_CHO_CHO-L2_CLS-206_NO2_H_NH2_-HXL_A,19.703125,12.23308
H6_CLS-BENZ6-208_CHO_CHO-L2_CLS-206_NO2_OMe_NH2_-HXL_A,19.03125,10.02257
H6_CLS-BENZ6-208_CHO_CHO-L2_CLS-206_OH_H_NH2_-HXL_A,19.0625,12.59554
H6_CLS-BENZ6-208_CHO_CHO-L2_CLS-206_OMe_CHS_NH2_-HXL_A,19.046875,9.85475
H6_CLS-BENZ6-208_CHO_CHO-L2_CLS-206_OMe_H_NH2_-HXL_A,19.125,12.07689
H6_CLS-BENZ6-208_CHO_CHO-L2_CLS-206_OMe_NO_NH2_-HXL_A,17.3125,10.30366
H6_CLS-BENZ6-208_CHO_CHO-L2_CLS-206_SO2H_OMe_NH2_-HXL_A,19.1875,9.10720
H6_CLS-BENZ6-208_CHO_COOH-L2_CLS-206_H_COOH_NH2_-HXL_A,19.03125,11.89532
H6_CLS-BENZ6-208_CN_CHO-L2_CLS-206_H_H_NH2_-HXL_A,19.609375,12.81742
H6_CLS-BENZ6-208_CN_CHO-L2_CLS-206_H_OMe_NH2_-HXL_A,19.03125,12.07785
H6_CLS-BENZ6-208_CN_CHO-L2_CLS-206_OMe_CHO_NH2_-HXL_A,19.0625,10.23205
H6_CLS-BENZ6-208_CN_CHO-L2_CLS-206_OMe_H_NH2_-HXL_A,19.03125,12.07689
H6_CLS-BENZ6-208_F_CHO-L2_CLS-206_H_OMe_NH2_-HXL_A,19.03125,12.07785
H6_CLS-BENZ6-208_F_CHO-L2_CLS-206_OMe_H_NH2_-HXL_A,19.03125,12.07689
H6_CLS-BENZ6-208_H_CHO-L2_CLS-206_CHO_H_NHOH_-HXL_A,17.59375,12.22889
H6_CLS-BENZ6-208_H_CHO-L2_CLS-206_COOH_H_NH2_-HXL_A,19.109375,11.89532
H6_CLS-BENZ6-208_H_CHO-L2_CLS-206_EPO_H_NH2_-HXL_A,19.03125,12.09745
H6_CLS-BENZ6-208_H_CHO-L2_CLS-206_H_Br_NH2_-HXL_A,20.609375,11.87885
H6_CLS-BENZ6-208_H_CHO-L2_CLS-206_H_COOH_NH2_-HXL_A,17.921875,11.89532
H6_CLS-BENZ6-208_H_CHO-L2_CLS-206_H_SO2H_NHOH_-HXL_A,19.03125,11.80294
H6_CLS-BENZ6-208_H_CHO-L2_CLS-206_NO2_OMe_NH2_-HXL_A,19.03125,10.02257
H6_CLS-BENZ6-208_H_CHO-L2_CLS-206_OMe_CHO_NH2_-HXL_A,19.125,10.23205
H6_CLS-BENZ6-208_H_CHO-L2_CLS-206_OMe_CHS_NH2_-HXL_A,19.03125,9.85475
H6_CLS-BENZ6-208_H_CHO-L2_CLS-206_OMe_NO2_NH2_-HXL_A,19.03125,10.02195
H6_CLS-BENZ6-208_H_COOH-L2_CLS-206_F_H_NH2_-HXL_A,19.53125,12.42729
H6_CLS-BENZ6-208_H_COOH-L2_CLS-206_H_EPO_NH2_-HXL_A,19.03125,12.09745
H6_CLS-BENZ6-208_H_COOH-L2_CLS-206_H_F_NH2_-HXL_A,19.046875,12.42426
H6_CLS-BENZ6-208_H_COOH-L2_CLS-206_H_OMe_NH2_-HXL_A,19.03125,12.07785
H6_CLS-BENZ6-208_H_COOH-L2_CLS-208-206_CH3_NH2_-HXL_A,19.03125,12.61151
H6_CLS-BENZ6-208_H_COOH-L2_CLS-208-206_EPO_NH2_-HXL_A,20.265625,12.09745
H6_CLS-BENZ6-208_H_COOH-L2_CLS-208-206_I_NH2_-HXL_A,19.78125,11.62146
H6_CLS-BENZ6-208_H_COOH-L2_CLS-208-206_NO_NH2_-HXL_A,19.125,12.03866
H6_CLS-BENZ6-208_H_COOH-L2_CLS-208-206_OH_NH2_-HXL_A,19.8125,12.33238
H6_CLS-BENZ6-208_I_COOH-L2_CLS-206_H_COOH_NH2_-HXL_A,20.234375,11.89532
H6_CLS-BENZ6-208_I_COOH-L2_CLS-206_H_H_NH2_-HXL_A,16.640625,12.81742
H6_CLS-BENZ6-208_NO2_CHO-L2_CLS-206_OMe_H_NH2_-HXL_A,19.5,12.07689
H6_CLS-BENZ6-210_H_COOH-L2_CLS-202_EPO_NH2_NH2_-HXL_A,19.890625,10.89813
H6_CLS-BENZ6-210_H_COOH-T3_CLS-301_EPO_H_NH2_-KGD,18.765625,10.42411
H6_CLS-BENZ6-210_H_NHOH-T3_CLS-301_CHO_H_CHO_-KGD,17.1875,10.65664
S4_CLS-PORP_COOH_H_CHO-L2_CLS-202_COOH_H_NH2_-SQL_A,18.96875,13.72011
S4_CLS-PORP_F_NO2_NH2-S4_CLS-PORP_H_NO_COOH_-SQL,17.40625,3.78922
S4_CLS-PORP_H_CN_NH2-S4_CLS-PORP_H_NO_COOH_-SQL,19.875,3.46499
S4_CLS-PORP_H_H_NH2-S4_CLS-PTCA_OMe_H_COOH_-SQL,19.609375,5.86710
S4_CLS-PORP_H_NO_CHO-S4_CLS-PORP_H_NO_NH2_-SQL,17.96875,3.46662
S4_CLS-PORP_H_NO_NH2-S4_CLS-PORP_H_NO_CHO_-SQL,18.28125,3.46499
T3_CLS-301_CHO_H_NH2-L2_CLS-208-206_H_CHO_-HCB_A,17.484375,32.24977
T3_CLS-301_H_H_Cl-L2_CLS-208-205_H_Cl_-HCB_A,17.53125,24.95646
T3_CLS-301_H_H_NH2-L2_CLS-208-202_H_COOH_-HCB_A,19.671875,32.13766
T3_CLS-301_H_H_NH2-L2_CLS-208-205_H_COOH_-HCB_A,18.515625,32.13766
T3_CLS-301_H_H_NH2-L2_CLS-208-205_NO2_COOH_-HCB_A,19.46875,29.17176
T3_CLS-301_H_H_NH2-L2_CLS-208-208_H_CHO_-HCB_A,19.234375,32.13766
T3_CLS-303_Br_H_NH2-L2_CLS-208-202_H_COOH_-HCB_A,20.09375,32.13766
T3_CLS-303_Br_NO_NH2-L2_CLS-208-202_H_COOH_-HCB_A,18.71875,32.13766
T3_CLS-303_CH3_H_NH2-L2_CLS-208-202_H_COOH_-HCB_A,19.03125,32.33752
T3_CLS-303_CH3_H_NH2-L2_CLS-208-205_H_COOH_-HCB_A,19.125,32.33752
T3_CLS-303_CH3_OCOCH3_NH2-L2_CLS-208-205_H_COOH_-HCB_A,19.484375,30.29120
T3_CLS-303_CHO_H_CHO-L2_CLS-208-205_H_NH2_-HCB_A,19.03125,32.12184
T3_CLS-303_Cl_NO_NH2-L2_CLS-208-202_H_COOH_-HCB_A,19.0625,32.13766
T3_CLS-303_Cl_OCOCH3_NH2-L2_CLS-208-205_H_CHO_-HCB_A,19.9375,30.09453
T3_CLS-303_Cl_OMe_NH2-L2_CLS-208-202_H_COOH_-HCB_A,20.125,31.69199
T3_CLS-303_CN_H_NH2-L2_CLS-208-210_H_COOH_-HCB_A,19.1875,31.59908
T3_CLS-303_EPO_COOH_COOH-L2_CLS-208-210_H_NH2_-HCB_A,20.265625,30.72254
T3_CLS-303_EPO_H_CHO-L2_CLS-208-208_H_NH2_-HCB_A,19.0625,31.72182
T3_CLS-303_EPO_H_CHO-L2_CLS-208-210_H_NH2_-HCB_A,20.15625,31.72182
T3_CLS-303_EPO_H_COOH-L2_CLS-206_H_H_NH2_-HCB_A,19.421875,31.72182
T3_CLS-303_EPO_H_COOH-L2_CLS-208-205_H_NH2_-HCB_A,19.71875,31.72182
T3_CLS-303_EPO_H_COOH-L2_CLS-208-210_H_NH2_-HCB_A,19.09375,31.72182
T3_CLS-303_EPO_NO2_COOH-L2_CLS-208-205_H_NH2_-HCB_A,19.0625,31.70426
T3_CLS-303_EPO_NO2_COOH-L2_CLS-208-208_H_NH2_-HCB_A,18.21875,31.70426
T3_CLS-303_F_Br_NH2-L2_CLS-208-205_H_COOH_-HCB_A,19.671875,32.13766
T3_CLS-303_F_F_NH2-L2_CLS-208-202_H_COOH_-HCB_A,20.1875,32.13766
T3_CLS-303_F_F_NH2-L2_CLS-208-205_H_COOH_-HCB_A,18.40625,32.13766
T3_CLS-303_F_H_NH2-L2_CLS-208-202_EPO_COOH_-HCB_A,19.34375,27.67185
T3_CLS-303_F_H_NH2-L2_CLS-208-202_H_COOH_-HCB_A,20.328125,32.13766
T3_CLS-303_F_H_NH2-L2_CLS-208-205_Br_COOH_-HCB_A,20.40625,29.04951
T3_CLS-303_F_NO_NH2-L2_CLS-208-202_H_COOH_-HCB_A,19.046875,32.13766
T3_CLS-303_H_Br_NH2-L2_CLS-208-202_H_COOH_-HCB_A,17.4375,32.13766
T3_CLS-303_H_Br_NH2-L2_CLS-208-205_H_COOH_-HCB_A,19.75,32.13766
T3_CLS-303_H_CH3_NH2-L2_CLS-208-202_H_COOH_-HCB_A,19.03125,32.33752
T3_CLS-303_H_CH3_NH2-L2_CLS-208-205_OCOCH3_COOH_-HCB_A,19.046875,27.29884
T3_CLS-303_H_Cl_NH2-L2_CLS-208-202_H_COOH_-HCB_A,20.25,32.13766
T3_CLS-303_H_Cl_NH2-L2_CLS-208-210_H_COOH_-HCB_A,20.609375,32.13766
T3_CLS-303_H_CN_NH2-L2_CLS-208-205_H_COOH_-HCB_A,16.578125,31.59704
T3_CLS-303_H_COOH_NH2-L2_CLS-208-205_OMe_COOH_-HCB_A,17.53125,29.11355
T3_CLS-303_H_EPO_CHO-L2_CLS-208-201_H_NH2_-HCB_A,19.03125,30.47610
T3_CLS-303_H_EPO_CHO-L2_CLS-208-210_H_NH2_-HCB_A,19.59375,30.47610
T3_CLS-303_H_EPO_COOH-L2_CLS-207_H_H_NH2_-HCB_A,17.625,30.47610
T3_CLS-303_H_EPO_COOH-L2_CLS-208-208_H_NH2_-HCB_A,19.046875,30.47610
T3_CLS-303_H_F_NH2-L2_CLS-208-202_F_COOH_-HCB_A,19.5,30.92804
T3_CLS-303_H_F_NH2-L2_CLS-208-202_H_COOH_-HCB_A,19.25,32.13766
T3_CLS-303_H_F_NH2-L2_CLS-208-205_I_COOH_-HCB_A,19.109375,28.03578
T3_CLS-303_H_F_NH2-L2_CLS-208-210_H_COOH_-HCB_A,17.234375,32.13766
T3_CLS-303_H_H_CHO-L2_CLS-208-210_OCOCH3_NH2_-HCB_A,16.765625,26.77300
T3_CLS-303_H_H_Cl-L2_CLS-208-205_OCOCH3_Cl_-HCB_A,19.03125,19.86324
T3_CLS-303_H_H_COOH-L2_CLS-204-206_H_NH2_-HCB_A,20.484375,32.00931
T3_CLS-303_H_H_COOH-L2_CLS-206_H_CHO_NH2_-HCB_A,17,29.18676
T3_CLS-303_H_H_COOH-L2_CLS-208-202_H_NH2_-HCB_A,20.875,32.00931
T3_CLS-303_H_H_COOH-L2_CLS-208-205_OCOCH3_NH2_-HCB_A,19.03125,26.77300
T3_CLS-303_H_H_COOH-L2_CLS-208-205_OMe_NH2_-HCB_A,19.25,28.52288
T3_CLS-303_H_H_COOH-L2_CLS-208-206_H_NH2_-HCB_A,20.640625,32.00931
T3_CLS-303_H_H_COOH-L2_CLS-208-210_OCOCH3_NH2_-HCB_A,19.046875,26.77300
T3_CLS-303_H_H_NH2-L2_CLS-205_COOH_H_COOH_-HCB_A,20.375,28.57872
T3_CLS-303_H_H_NH2-L2_CLS-206_EPO_H_CHO_-HCB_A,19.03125,27.67185
T3_CLS-303_H_H_NH2-L2_CLS-206_EPO_H_COOH_-HCB_A,20.34375,27.67185
T3_CLS-303_H_H_NH2-L2_CLS-206_OH_EPO_CHO_-HCB_A,19.09375,27.67185
T3_CLS-303_H_H_NH2-L2_CLS-208-202_Br_COOH_-HCB_A,20.6875,29.04951
T3_CLS-303_H_H_NH2-L2_CLS-208-202_CH3_COOH_-HCB_A,19.890625,30.31000
T3_CLS-303_H_H_NH2-L2_CLS-208-202_CHO_COOH_-HCB_A,19.875,28.99610
T3_CLS-303_H_H_NH2-L2_CLS-208-202_CHS_COOH_-HCB_A,20.265625,28.44274
T3_CLS-303_H_H_NH2-L2_CLS-208-202_Cl_COOH_-HCB_A,20.5,29.59678
T3_CLS-303_H_H_NH2-L2_CLS-208-202_EPO_COOH_-HCB_A,18.78125,27.67185
T3_CLS-303_H_H_NH2-L2_CLS-208-202_F_COOH_-HCB_A,19.28125,30.92804
T3_CLS-303_H_H_NH2-L2_CLS-208-202_H_CHO_-HCB_A,20.8125,32.13766
T3_CLS-303_H_H_NH2-L2_CLS-208-202_H_COOH_-HCB_A,19.734375,32.13766
T3_CLS-303_H_H_NH2-L2_CLS-208-205_Br_COOH_-HCB_A,19.625,29.04951
T3_CLS-303_H_H_NH2-L2_CLS-208-205_CH3_COOH_-HCB_A,18.96875,30.31000
T3_CLS-303_H_H_NH2-L2_CLS-208-205_CHS_COOH_-HCB_A,19.828125,28.44274
T3_CLS-303_H_H_NH2-L2_CLS-208-205_Cl_COOH_-HCB_A,19.140625,29.59678
T3_CLS-303_H_H_NH2-L2_CLS-208-205_F_COOH_-HCB_A,19.734375,30.92804
T3_CLS-303_H_H_NH2-L2_CLS-208-205_H_COOH_-HCB_A,20.078125,32.13766
T3_CLS-303_H_H_NH2-L2_CLS-208-205_OCOCH3_COOH_-HCB_A,19.921875,27.29884
T3_CLS-303_H_H_NH2-L2_CLS-208-205_OH_COOH_-HCB_A,20.953125,30.64386
T3_CLS-303_H_H_NH2-L2_CLS-208-205_OMe_COOH_-HCB_A,19.15625,29.11355
T3_CLS-303_H_H_NH2-L2_CLS-208-205_SH_COOH_-HCB_A,19.59375,30.09097
T3_CLS-303_H_H_NH2-L2_CLS-208-206_H_COOH_-HCB_A,19.375,32.13766
T3_CLS-303_H_H_NH2-L2_CLS-208-210_OMe_COOH_-HCB_A,20.453125,29.11355
T3_CLS-303_H_I_NH2-L2_CLS-208-202_H_COOH_-HCB_A,18.8125,31.31847
T3_CLS-303_H_I_NH2-L2_CLS-208-205_H_COOH_-HCB_A,19.265625,31.31847
T3_CLS-303_H_NO_NH2-L2_CLS-208-202_CHO_COOH_-HCB_A,19.03125,32.26778
T3_CLS-303_H_NO_NH2-L2_CLS-208-202_EPO_COOH_-HCB_A,17.8125,28.99610
T3_CLS-303_H_NO_NH2-L2_CLS-208-202_H_COOH_-HCB_A,20.28125,27.67185
T3_CLS-303_H_NO_NH2-L2_CLS-208-202_OCOCH3_COOH_-HCB_A,19.03125,32.13766
T3_CLS-303_H_NO_NH2-L2_CLS-208-202_OMe_COOH_-HCB_A,19.546875,27.29884
T3_CLS-303_H_NO_NH2-L2_CLS-208-202_SH_COOH_-HCB_A,20.359375,29.11355
T3_CLS-303_H_NO_NH2-L2_CLS-208-202_SO2H_COOH_-HCB_A,17.859375,30.09097
T3_CLS-303_H_NO_NH2-L2_CLS-208-205_CH3_COOH_-HCB_A,19.21875,27.78295
T3_CLS-303_H_NO_NH2-L2_CLS-208-205_CHS_COOH_-HCB_A,19.765625,30.31000
T3_CLS-303_H_NO_NH2-L2_CLS-208-210_H_COOH_-HCB_A,19.578125,28.44274
T3_CLS-303_H_NO2_NH2-L2_CLS-208-205_H_COOH_-HCB_A,19.03125,32.13766
T3_CLS-303_H_OCOCH3_COOH-L2_CLS-208-205_EPO_NH2_-HCB_A,18.796875,28.16984
T3_CLS-303_H_OCOCH3_COOH-L2_CLS-208-205_H_NH2_-HCB_A,19.125,29.47609
T3_CLS-303_H_OCOCH3_NH2-L2_CLS-208-202_NO_COOH_-HCB_A,19.03125,30.01236
T3_CLS-303_H_OCOCH3_NH2-L2_CLS-208-205_COOH_COOH_-HCB_A,19.03125,28.78115
T3_CLS-303_H_OCOCH3_NH2-L2_CLS-208-205_H_COOH_-HCB_A,19.578125,30.09453
T3_CLS-303_H_OCOCH3_NH2-L2_CLS-208-205_I_COOH_-HCB_A,19.703125,28.36729
T3_CLS-303_H_OCOCH3_NH2-L2_CLS-208-210_NO_COOH_-HCB_A,19.265625,30.01236
T3_CLS-303_H_OCOCH3_NH2-L2_CLS-208-210_OCOCH3_COOH_-HCB_A,20.421875,27.29884
T3_CLS-303_H_OH_NH2-L2_CLS-208-202_H_COOH_-HCB_A,18.203125,32.13766
T3_CLS-303_H_OMe_COOH-L2_CLS-208-205_H_NH2_-HCB_A,17.1875,31.15597
T3_CLS-303_H_OMe_NH2-L2_CLS-208-202_COOH_COOH_-HCB_A,19.03125,28.64876
T3_CLS-303_H_OMe_NH2-L2_CLS-208-202_H_COOH_-HCB_A,19.703125,31.69199
T3_CLS-303_H_OMe_NH2-L2_CLS-208-205_H_COOH_-HCB_A,19.03125,31.69199
T3_CLS-303_H_OMe_NH2-L2_CLS-208-208_CHO_CHO_-HCB_A,19.390625,29.08226
T3_CLS-303_H_SO2H_NH2-L2_CLS-208-205_CHS_COOH_-HCB_A,19.03125,28.46147
T3_CLS-303_H_SO2H_NH2-L2_CLS-208-205_F_CHO_-HCB_A,19.03125,30.40421
T3_CLS-303_H_SO2H_NH2-L2_CLS-208-205_OCOCH3_COOH_-HCB_A,19.390625,27.29884
T3_CLS-303_H_SO2H_NH2-L2_CLS-208-206_H_COOH_-HCB_A,19.8125,30.43849
T3_CLS-303_I_H_COOH-L2_CLS-201_H_I_NH2_-HCB_A,18.765625,27.85645
T3_CLS-303_I_H_NH2-L2_CLS-208-202_H_COOH_-HCB_A,17.4375,31.32331
T3_CLS-303_I_H_NH2-L2_CLS-208-205_H_COOH_-HCB_A,19.9375,31.32331
T3_CLS-303_I_I_NH2-L2_CLS-208-205_H_COOH_-HCB_A,19.234375,31.30556
T3_CLS-303_NH2_OCOCH3_NH2-L2_CLS-208-202_COOH_COOH_-HCB_A,19.03125,28.78115
T3_CLS-303_NH2_OCOCH3_NH2-L2_CLS-208-205_H_COOH_-HCB_A,19.03125,30.09453
T3_CLS-303_NH2_OCOCH3_NH2-L2_CLS-208-210_H_COOH_-HCB_A,17.234375,30.09453
T3_CLS-303_NO_F_NH2-L2_CLS-208-202_H_COOH_-HCB_A,19.640625,31.72689
T3_CLS-303_NO_F_NH2-L2_CLS-208-205_H_COOH_-HCB_A,19.15625,28.57943
T3_CLS-303_NO_H_NH2-L2_CLS-208-202_H_COOH_-HCB_A,20.8125,32.26778
T3_CLS-303_NO_H_NH2-L2_CLS-208-205_H_COOH_-HCB_A,17.234375,32.26778
T3_CLS-303_NO_I_NH2-L2_CLS-208-205_H_COOH_-HCB_A,19.6875,28.17459
T3_CLS-303_NO_NO_NH2-L2_CLS-208-205_H_COOH_-HCB_A,19.046875,32.13766
T3_CLS-303_NO2_CN_NH2-L2_CLS-208-205_H_COOH_-HCB_A,19.359375,32.13766
T3_CLS-303_NO2_H_NH2-L2_CLS-208-202_COOH_COOH_-HCB_A,19.1875,32.13766
T3_CLS-303_NO2_H_NH2-L2_CLS-208-203_H_COOH_-HCB_A,20.59375,32.13766
T3_CLS-303_NO2_NO2_NH2-L2_CLS-208-203_H_COOH_-HCB_A,19.03125,31.31847
T3_CLS-303_NO2_NO2_NH2-L2_CLS-208-205_I_COOH_-HCB_A,19.796875,32.13766
T3_CLS-303_OCOCH3_Br_NH2-L2_CLS-208-205_COOH_COOH_-HCB_A,17.640625,28.78305
T3_CLS-303_OCOCH3_CH3_NH2-L2_CLS-208-205_COOH_COOH_-HCB_A,19.0625,28.99387
T3_CLS-303_OCOCH3_CH3_NH2-L2_CLS-208-205_H_COOH_-HCB_A,19.6875,30.66084
T3_CLS-303_OCOCH3_CHO_NH2-L2_CLS-208-205_H_COOH_-HCB_A,19.28125,30.55012
T3_CLS-303_OCOCH3_Cl_NH2-L2_CLS-208-205_COOH_COOH_-HCB_A,18.828125,28.78305
T3_CLS-303_OCOCH3_COOH_NH2-L2_CLS-208-205_H_COOH_-HCB_A,19.046875,30.53695
T3_CLS-303_OCOCH3_H_COOH-L2_CLS-208-203_H_NH2_-HCB_A,20.34375,31.85439
T3_CLS-303_OCOCH3_H_COOH-L2_CLS-208-205_NO_NH2_-HCB_A,19.5625,29.71455
T3_CLS-303_OCOCH3_H_NH2-L2_CLS-204-205_H_COOH_-HCB_A,19.03125,30.47051
T3_CLS-303_OCOCH3_H_NH2-L2_CLS-208-202_Br_COOH_-HCB_A,20.375,29.37479
T3_CLS-303_OCOCH3_H_NH2-L2_CLS-208-202_CN_COOH_-HCB_A,20.140625,28.66803
T3_CLS-303_OCOCH3_H_NH2-L2_CLS-208-202_COOH_COOH_-HCB_A,19.484375,28.78305
T3_CLS-303_OCOCH3_H_NH2-L2_CLS-208-202_EPO_COOH_-HCB_A,19.6875,27.78962
T3_CLS-303_OCOCH3_H_NH2-L2_CLS-208-202_H_COOH_-HCB_A,19.03125,30.47051
T3_CLS-303_OCOCH3_H_NH2-L2_CLS-208-202_NH2_COOH_-HCB_A,20.171875,30.39561
T3_CLS-303_OCOCH3_H_NH2-L2_CLS-208-202_NO_COOH_-HCB_A,19.15625,29.36497
T3_CLS-303_OCOCH3_H_NH2-L2_CLS-208-202_NO2_COOH_-HCB_A,20.046875,30.30473
T3_CLS-303_OCOCH3_H_NH2-L2_CLS-208-202_SH_COOH_-HCB_A,19.09375,30.35802
T3_CLS-303_OCOCH3_H_NH2-L2_CLS-208-202_SO2H_COOH_-HCB_A,20.140625,27.99267
T3_CLS-303_OCOCH3_H_NH2-L2_CLS-208-203_H_CHO_-HCB_A,19.03125,30.47051
T3_CLS-303_OCOCH3_H_NH2-L2_CLS-208-205_CHS_COOH_-HCB_A,19.078125,28.65923
T3_CLS-303_OCOCH3_H_NH2-L2_CLS-208-205_COOH_COOH_-HCB_A,19.03125,28.78305
T3_CLS-303_OCOCH3_H_NH2-L2_CLS-208-205_F_COOH_-HCB_A,19.203125,30.43200
T3_CLS-303_OCOCH3_H_NH2-L2_CLS-208-205_H_CHO_-HCB_A,19.03125,30.47051
T3_CLS-303_OCOCH3_H_NH2-L2_CLS-208-205_H_COOH_-HCB_A,20.078125,30.47051
T3_CLS-303_OCOCH3_H_NH2-L2_CLS-208-205_I_COOH_-HCB_A,19.34375,28.36912
T3_CLS-303_OCOCH3_H_NH2-L2_CLS-208-205_NO_COOH_-HCB_A,19.03125,29.36497
T3_CLS-303_OCOCH3_H_NH2-L2_CLS-208-205_NO2_COOH_-HCB_A,19.875,30.30473
T3_CLS-303_OCOCH3_H_NH2-L2_CLS-208-205_OH_COOH_-HCB_A,19.140625,30.42176
T3_CLS-303_OCOCH3_H_NH2-L2_CLS-208-205_SO2H_COOH_-HCB_A,19.109375,27.99267
T3_CLS-303_OCOCH3_H_NH2-L2_CLS-208-208_COOH_COOH_-HCB_A,19.03125,28.78305
T3_CLS-303_OCOCH3_H_NH2-L2_CLS-208-208_H_COOH_-HCB_A,19.03125,30.47051
T3_CLS-303_OCOCH3_H_NH2-L2_CLS-208-208_OCOCH3_COOH_-HCB_A,19.0625,27.29915
T3_CLS-303_OCOCH3_H_NH2-L2_CLS-208-210_Cl_COOH_-HCB_A,20.328125,29.91953
T3_CLS-303_OCOCH3_H_NH2-L2_CLS-208-210_COOH_COOH_-HCB_A,19.03125,28.78305
T3_CLS-303_OCOCH3_H_NH2-L2_CLS-208-210_EPO_COOH_-HCB_A,16.609375,27.78962
T3_CLS-303_OCOCH3_H_NH2-L2_CLS-208-210_NO_COOH_-HCB_A,19.03125,30.30473
T3_CLS-303_OCOCH3_I_NH2-L2_CLS-208-205_H_CHO_-HCB_A,19.03125,30.45603
T3_CLS-303_OCOCH3_NH2_NH2-L2_CLS-208-202_CN_COOH_-HCB_A,20.71875,28.66803
T3_CLS-303_OCOCH3_NH2_NH2-L2_CLS-208-202_COOH_COOH_-HCB_A,19.046875,28.78305
T3_CLS-303_OCOCH3_NH2_NH2-L2_CLS-208-202_H_COOH_-HCB_A,19.03125,30.47051
T3_CLS-303_OCOCH3_NH2_NH2-L2_CLS-208-205_H_COOH_-HCB_A,19.40625,30.47051
T3_CLS-303_OCOCH3_NO_NH2-L2_CLS-208-202_SH_COOH_-HCB_A,19.75,30.56466
T3_CLS-303_OCOCH3_NO_NH2-L2_CLS-208-208_COOH_COOH_-HCB_A,19.84375,30.35802
T3_CLS-303_OCOCH3_NO_NH2-L2_CLS-208-208_H_COOH_-HCB_A,19.03125,28.78305
T3_CLS-303_OCOCH3_NO_NH2-L2_CLS-208-210_OCOCH3_CHO_-HCB_A,19.03125,30.47051
T3_CLS-303_OCOCH3_NO2_NH2-L2_CLS-208-205_H_COOH_-HCB_A,19.234375,27.29915
T3_CLS-303_OCOCH3_OCOCH3_NH2-L2_CLS-208-202_COOH_COOH_-HCB_A,19.0625,28.78305
T3_CLS-303_OCOCH3_SO2H_CHO-L2_CLS-208-205_H_NH2_-HCB_A,19.640625,30.16337
T3_CLS-303_OCOCH3_SO2H_NH2-L2_CLS-208-205_H_COOH_-HCB_A,19.421875,30.46827
T3_CLS-303_OH_COOH_NH2-L2_CLS-208-202_H_COOH_-HCB_A,20.09375,31.22990
T3_CLS-303_OH_OCOCH3_NH2-L2_CLS-208-202_H_COOH_-HCB_A,17.28125,30.09453
T3_CLS-303_OMe_H_NH2-L2_CLS-208-202_COOH_COOH_-HCB_A,19.03125,28.64810
T3_CLS-303_OMe_H_NH2-L2_CLS-208-202_H_COOH_-HCB_A,19.796875,32.13261
T3_CLS-303_OMe_H_NH2-L2_CLS-208-205_CHO_COOH_-HCB_A,19.03125,29.08161
T3_CLS-303_OMe_H_NH2-L2_CLS-208-205_COOH_COOH_-HCB_A,19.390625,28.64810
T3_CLS-303_OMe_H_NH2-L2_CLS-208-205_H_COOH_-HCB_A,19.046875,32.13261
T3_CLS-303_OMe_H_NH2-L2_CLS-208-205_OCOCH3_COOH_-HCB_A,20.828125,27.29884
T3_CLS-303_OMe_H_NH2-L2_CLS-208-207_H_COOH_-HCB_A,19.53125,32.13261
T3_CLS-303_OMe_H_NH2-L2_CLS-208-210_H_COOH_-HCB_A,19.03125,32.13261
T3_CLS-303_OMe_NH2_NH2-L2_CLS-208-202_H_COOH_-HCB_A,19.03125,32.13261
T3_CLS-303_OMe_NH2_NH2-L2_CLS-208-205_H_COOH_-HCB_A,19.03125,32.13261
T3_CLS-303_OMe_NO_NH2-L2_CLS-208-202_H_COOH_-HCB_A,19.109375,32.13261
T3_CLS-303_OMe_SO2H_NH2-L2_CLS-208-205_H_COOH_-HCB_A,19.03125,30.56373
T3_CLS-303_SO2H_H_NH2-L2_CLS-208-205_OCOCH3_CHO_-HCB_A,19.0625,27.29884
T3_CLS-305-201_H_COOH-L2_CLS-208-201_H_NH2_-HCB_A,17.578125,32.00931
T3_CLS-305-202_H_COOH-L2_CLS-206_H_H_NH2_-HCB_A,20.171875,32.00931
T3_CLS-305-202_H_COOH-L2_CLS-208-206_H_NH2_-HCB_A,19.03125,32.00931
T3_CLS-305-202_H_NH2-L2_CLS-208-210_H_COOH_-HCB_A,16.96875,32.13766
T3_CLS-305-203_H_COOH-L2_CLS-208-206_CHS_NH2_-HCB_A,19.03125,28.63439
T3_CLS-305-203_H_COOH-L2_CLS-208-206_H_NH2_-HCB_A,19.03125,32.00931
T3_CLS-305-203_H_COOH-L2_CLS-208-206_NO_NH2_-HCB_A,19.203125,29.38643
T3_CLS-305-203_H_COOH-L2_CLS-208-206_SH_NH2_-HCB_A,19.03125,29.94828
T3_CLS-305-203_NH2_COOH-L2_CLS-208-206_H_NH2_-HCB_A,19.0625,32.00931
T3_CLS-305-203_NH2_COOH-L2_CLS-208-206_SH_NH2_-HCB_A,20.125,29.94828
T3_CLS-305-205_H_CHO-L2_CLS-208-202_H_NH2_-HCB_A,19.34375,32.00931
T3_CLS-305-205_H_CHO-L2_CLS-208-205_F_NH2_-HCB_A,19.03125,30.78972
T3_CLS-305-205_H_CHO-L2_CLS-208-205_H_NH2_-HCB_A,19.140625,32.00931
T3_CLS-305-205_H_CHO-L2_CLS-208-206_H_NH2_-HCB_A,19.03125,32.00931
T3_CLS-305-205_H_COOH-L2_CLS-204-208_H_NH2_-HCB_A,18.5625,32.00931
T3_CLS-305-205_H_COOH-L2_CLS-208-205_COOH_NH2_-HCB_A,19.03125,28.01024
T3_CLS-305-205_H_COOH-L2_CLS-208-205_EPO_NH2_-HCB_A,19.03125,28.05550
T3_CLS-305-205_H_COOH-L2_CLS-208-208_H_NH2_-HCB_A,19.03125,32.00931
T3_CLS-305-206_Br_NH2-L2_CLS-208-205_H_COOH_-HCB_A,19.03125,32.13766
T3_CLS-305-206_CH3_NH2-L2_CLS-208-210_H_COOH_-HCB_A,19.21875,32.33752
T3_CLS-305-206_CHO_NH2-L2_CLS-208-210_SH_COOH_-HCB_A,19.03125,30.20462
T3_CLS-305-206_CHS_COOH-L2_CLS-208-207_H_NH2_-HCB_A,19.03125,32.12184
T3_CLS-305-206_Cl_NH2-L2_CLS-208-210_H_COOH_-HCB_A,19.25,32.13766
T3_CLS-305-206_CN_NH2-L2_CLS-208-206_H_COOH_-HCB_A,19.03125,31.59908
T3_CLS-305-206_CN_NH2-L2_CLS-208-207_H_COOH_-HCB_A,19.046875,31.59908
T3_CLS-305-206_CN_NH2-L2_CLS-208-210_H_COOH_-HCB_A,19.125,31.59908
T3_CLS-305-206_COOH_NH2-L2_CLS-208-207_H_COOH_-HCB_A,18.390625,31.69883
T3_CLS-305-206_EPO_COOH-L2_CLS-208-206_H_NH2_-HCB_A,19.03125,31.72182
T3_CLS-305-206_EPO_NH2-L2_CLS-208-210_H_COOH_-HCB_A,19.03125,31.08775
T3_CLS-305-206_F_NH2-L2_CLS-208-205_H_COOH_-HCB_A,19.03125,32.13766
T3_CLS-305-206_F_NH2-L2_CLS-208-206_H_COOH_-HCB_A,19.03125,32.13766
T3_CLS-305-206_F_NH2-L2_CLS-208-209_H_COOH_-HCB_A,19.03125,32.13766
T3_CLS-305-206_F_NH2-L2_CLS-208-210_CHS_COOH_-HCB_A,19.03125,28.44274
T3_CLS-305-206_F_NH2-L2_CLS-208-210_H_COOH_-HCB_A,19.03125,32.13766
T3_CLS-305-206_F_NH2-L2_CLS-208-210_I_COOH_-HCB_A,20.40625,28.03578
T3_CLS-305-206_H_COOH-L2_CLS-208-206_CHS_NH2_-HCB_A,19.03125,28.63439
T3_CLS-305-206_H_COOH-L2_CLS-208-206_F_NH2_-HCB_A,19.03125,30.78972
T3_CLS-305-206_H_COOH-L2_CLS-208-206_H_NH2_-HCB_A,19.03125,32.00931
T3_CLS-305-206_H_NH2-L2_CLS-208-202_H_CHO_-HCB_A,19.703125,32.13766
T3_CLS-305-206_H_NH2-L2_CLS-208-202_H_COOH_-HCB_A,19.03125,32.13766
T3_CLS-305-206_H_NH2-L2_CLS-208-203_COOH_COOH_-HCB_A,19.03125,28.57872
T3_CLS-305-206_H_NH2-L2_CLS-208-203_H_COOH_-HCB_A,19.03125,32.13766
T3_CLS-305-206_H_NH2-L2_CLS-208-203_NO2_COOH_-HCB_A,20.0625,29.17176
T3_CLS-305-206_H_NH2-L2_CLS-208-203_SH_COOH_-HCB_A,19.0625,30.09097
T3_CLS-305-206_H_NH2-L2_CLS-208-205_H_COOH_-HCB_A,19.453125,32.13766
T3_CLS-305-206_H_NH2-L2_CLS-208-205_SH_COOH_-HCB_A,19.515625,30.09097
T3_CLS-305-206_H_NH2-L2_CLS-208-206_CH3_COOH_-HCB_A,19.03125,30.31000
T3_CLS-305-206_H_NH2-L2_CLS-208-206_CHS_COOH_-HCB_A,19.03125,28.44274
T3_CLS-305-206_H_NH2-L2_CLS-208-206_EPO_COOH_-HCB_A,19.03125,27.67185
T3_CLS-305-206_H_NH2-L2_CLS-208-206_F_COOH_-HCB_A,20.1875,30.92804
T3_CLS-305-206_H_NH2-L2_CLS-208-206_H_COOH_-HCB_A,19.03125,32.13766
T3_CLS-305-206_H_NH2-L2_CLS-208-206_I_COOH_-HCB_A,19.03125,28.03578
T3_CLS-305-206_H_NH2-L2_CLS-208-206_NO_COOH_-HCB_A,19.03125,29.98709
T3_CLS-305-206_H_NH2-L2_CLS-208-207_COOH_COOH_-HCB_A,18.4375,28.57872
T3_CLS-305-206_H_NH2-L2_CLS-208-207_H_COOH_-HCB_A,19.03125,32.13766
T3_CLS-305-206_H_NH2-L2_CLS-208-207_NO2_COOH_-HCB_A,19.03125,29.17176
T3_CLS-305-206_H_NH2-L2_CLS-208-207_SH_COOH_-HCB_A,19.234375,30.09097
T3_CLS-305-206_H_NH2-L2_CLS-208-209_CHS_COOH_-HCB_A,19.03125,28.44274
T3_CLS-305-206_H_NH2-L2_CLS-208-209_H_COOH_-HCB_A,19.15625,32.13766
T3_CLS-305-206_H_NH2-L2_CLS-208-209_SH_COOH_-HCB_A,19.96875,30.09097
T3_CLS-305-206_H_NH2-L2_CLS-208-210_Br_COOH_-HCB_A,19.03125,29.04951
T3_CLS-305-206_H_NH2-L2_CLS-208-210_CH3_COOH_-HCB_A,19.03125,30.31000
T3_CLS-305-206_H_NH2-L2_CLS-208-210_CHO_COOH_-HCB_A,19.03125,28.99610
T3_CLS-305-206_H_NH2-L2_CLS-208-210_CHS_COOH_-HCB_A,19.03125,28.44274
T3_CLS-305-206_H_NH2-L2_CLS-208-210_Cl_COOH_-HCB_A,19.03125,29.59678
T3_CLS-305-206_H_NH2-L2_CLS-208-210_CN_COOH_-HCB_A,19.03125,28.32914
T3_CLS-305-206_H_NH2-L2_CLS-208-210_COOH_COOH_-HCB_A,19.03125,28.57872
T3_CLS-305-206_H_NH2-L2_CLS-208-210_EPO_COOH_-HCB_A,19.03125,27.67185
T3_CLS-305-206_H_NH2-L2_CLS-208-210_F_COOH_-HCB_A,19.03125,30.92804
T3_CLS-305-206_H_NH2-L2_CLS-208-210_H_CHO_-HCB_A,20.234375,32.13766
T3_CLS-305-206_H_NH2-L2_CLS-208-210_H_COOH_-HCB_A,19.65625,32.13766
T3_CLS-305-206_H_NH2-L2_CLS-208-210_I_COOH_-HCB_A,19.03125,28.03578
T3_CLS-305-206_H_NH2-L2_CLS-208-210_NO2_COOH_-HCB_A,19.0625,29.17176
T3_CLS-305-206_H_NH2-L2_CLS-208-210_OMe_COOH_-HCB_A,19.03125,29.11355
T3_CLS-305-206_H_NH2-L2_CLS-208-210_SH_COOH_-HCB_A,19.03125,30.09097
T3_CLS-305-206_H_NH2-L2_CLS-208-210_SO2H_COOH_-HCB_A,19.546875,27.78295
T3_CLS-305-206_I_COOH-L2_CLS-208-206_H_NH2_-HCB_A,19.03125,32.00931
T3_CLS-305-206_I_NH2-L2_CLS-208-210_COOH_COOH_-HCB_A,19.03125,28.57872
T3_CLS-305-206_I_NH2-L2_CLS-208-210_H_COOH_-HCB_A,19.03125,31.32331
T3_CLS-305-206_NO_NH2-L2_CLS-208-202_H_COOH_-HCB_A,20.296875,32.26778
T3_CLS-305-206_NO_NH2-L2_CLS-208-203_NO2_COOH_-HCB_A,20.34375,32.13766
T3_CLS-305-206_NO_NH2-L2_CLS-208-210_CHS_COOH_-HCB_A,19.03125,29.17176
T3_CLS-305-206_NO_NH2-L2_CLS-208-210_H_COOH_-HCB_A,19.03125,28.44274
T3_CLS-305-206_NO_NH2-L2_CLS-208-210_OMe_COOH_-HCB_A,19.03125,32.13766
T3_CLS-305-206_NO_NH2-L2_CLS-208-210_SH_COOH_-HCB_A,19.078125,29.11355
T3_CLS-305-206_NO2_NH2-L2_CLS-208-207_H_COOH_-HCB_A,19.03125,30.09097
T3_CLS-305-206_OCOCH3_NH2-L2_CLS-208-207_H_COOH_-HCB_A,19.03125,30.47051
T3_CLS-305-206_OCOCH3_NH2-L2_CLS-208-210_H_COOH_-HCB_A,19.046875,30.47051
T3_CLS-305-206_OH_NH2-L2_CLS-208-206_H_COOH_-HCB_A,19.390625,32.13766
T3_CLS-305-206_OH_NH2-L2_CLS-208-210_H_COOH_-HCB_A,19.15625,32.13766
T3_CLS-305-206_OMe_NH2-L2_CLS-208-210_H_COOH_-HCB_A,19.03125,32.13261
T3_CLS-305-206_SH_NH2-L2_CLS-208-203_H_COOH_-HCB_A,19.03125,32.13766
T3_CLS-305-206_SH_NH2-L2_CLS-208-206_H_COOH_-HCB_A,19.03125,32.13766
T3_CLS-305-206_SH_NH2-L2_CLS-208-206_SH_COOH_-HCB_A,19.328125,30.09097
T3_CLS-305-206_SH_NH2-L2_CLS-208-207_H_COOH_-HCB_A,19.03125,32.13766
T3_CLS-305-206_SH_NH2-L2_CLS-208-207_SH_COOH_-HCB_A,19.09375,30.09097
T3_CLS-305-206_SH_NH2-L2_CLS-208-210_H_COOH_-HCB_A,19.03125,32.13766
T3_CLS-305-206_SH_NH2-L2_CLS-208-210_SH_COOH_-HCB_A,19.53125,30.09097
T3_CLS-305-206_SO2H_NH2-L2_CLS-208-207_H_COOH_-HCB_A,19.03125,30.90730
T3_CLS-305-206_SO2H_NH2-L2_CLS-208-210_H_COOH_-HCB_A,19.03125,30.90730
T3_CLS-305-207_H_COOH-L2_CLS-206_NO2_H_NH2_-HCB_A,19.046875,29.34041
T3_CLS-305-207_H_COOH-L2_CLS-208-206_H_NH2_-HCB_A,19.03125,32.00931
T3_CLS-305-207_NO_COOH-L2_CLS-208-206_H_NH2_-HCB_A,19.84375,32.00931
T3_CLS-305-207_SH_COOH-L2_CLS-208-206_H_NH2_-HCB_A,20.40625,32.00931
T3_CLS-305-208_H_COOH-L2_CLS-208-206_COOH_NH2_-HCB_A,19.03125,28.01024
T3_CLS-305-210_H_COOH-L2_CLS-208-202_H_NH2_-HCB_A,19.09375,32.00931
T3_CLS-305-210_H_COOH-L2_CLS-208-206_H_NH2_-HCB_A,19.03125,32.00931
T3_CLS-306_CHO_H_CHO-L2_CLS-201_H_EPO_NH2_-HCB_A,17.34375,28.05551
T3_CLS-306_H_COOH_COOH-L2_CLS-207_H_Cl_NH2_-HCB_A,18.109375,29.57550
T3_CLS-306_H_NO_COOH-L2_CLS-201_H_I_NH2_-HCB_A,16.9375,27.85645
T3_CLS-306_OH_H_NH2-L2_CLS-207_H_I_COOH_-HCB_A,16.890625,28.03851
T3_CLS-307_CH3_H_COOH-L2_CLS-201_H_H_NH2_-HCB_A,20.5,32.20991
T3_CLS-307_CN_CN_COOH-L2_CLS-207_CHS_H_NH2_-HCB_A,17.359375,28.63439
T3_CLS-307_CN_H_COOH-L2_CLS-207_H_CHO_NH2_-HCB_A,21.078125,29.18676
T3_CLS-307_F_I_COOH-L2_CLS-201_H_NO_NH2_-HCB_A,18.203125,29.38818
T3_CLS-307_H_CN_NH2-L2_CLS-206_H_H_COOH_-HCB_A,18.71875,31.59704
T3_CLS-307_H_H_CHO-L2_CLS-201_NO_F_NH2_-HCB_A,19.796875,29.38643
T3_CLS-307_H_H_CHO-L2_CLS-202_EPO_H_NH2_-HCB_A,19.859375,28.05550
T3_CLS-307_H_H_CHO-L2_CLS-210_H_EPO_NH2_-HCB_A,18.90625,28.05551
T3_CLS-307_H_H_Cl-L2_CLS-208-210_H_Cl_-HCB_A,19.625,24.95646
T3_CLS-307_H_H_COOH-L2_CLS-202_H_EPO_NH2_-HCB_A,17.46875,28.05551
T3_CLS-307_H_H_COOH-L2_CLS-206_EPO_H_NH2_-HCB_A,19.890625,28.05550
T3_CLS-307_H_H_COOH-L2_CLS-210_EPO_H_NH2_-HCB_A,17.671875,28.05550
T3_CLS-307_H_H_COOH-L2_CLS-210_H_EPO_NH2_-HCB_A,19.984375,28.05551
T3_CLS-307_H_H_NH2-L2_CLS-209_H_CHS_COOH_-HCB_A,20.5625,28.44253
T3_CLS-307_H_OCOCH3_COOH-L2_CLS-201_H_NO_NH2_-HCB_A,19.53125,29.35773
T3_CLS-307_H_OCOCH3_COOH-L2_CLS-203_H_NO_NH2_-HCB_A,18.4375,29.35773
T3_CLS-307_H_OCOCH3_COOH-L2_CLS-207_H_H_NH2_-HCB_A,19.65625,29.47609
T3_CLS-307_H_OCOCH3_COOH-L2_CLS-208-203_H_NH2_-HCB_A,18.09375,29.47609
T3_CLS-307_H_OCOCH3_NH2-L2_CLS-206_H_H_CHO_-HCB_A,19.765625,30.09453
T3_CLS-307_OCOCH3_F_COOH-L2_CLS-207_H_H_NH2_-HCB_A,20.484375,31.85439
T3_CLS-307_OCOCH3_H_COOH-L2_CLS-203_H_H_NH2_-HCB_A,20.625,31.85439
T3_CLS-307_OCOCH3_H_COOH-L2_CLS-207_H_H_NH2_-HCB_A,19.90625,31.85439
T3_CLS-307_OCOCH3_OCOCH3_COOH-L2_CLS-203_F_H_NH2_-HCB_A,20.171875,29.46863
T3_CLS-308_H_H_NH2-L2_CLS-208-202_H_CHO_-HCB_A,17.84375,32.13766
T3_CLS-309-201_EPO_NH2-L2_CLS-207_H_H_CHO_-HCB_A,21.015625,31.08775
T3_CLS-309-201_H_NH2-L2_CLS-205_H_H_COOH_-HCB_A,19.03125,32.13766
T3_CLS-309-201_H_NH2-L2_CLS-208-201_H_COOH_-HCB_A,18.546875,32.13766
T3_CLS-309-202_H_CHO-L2_CLS-208-209_H_NH2_-HCB_A,19.078125,32.00931
T3_CLS-309-202_H_COOH-L2_CLS-206_H_H_NH2_-HCB_A,20.953125,32.00931
T3_CLS-309-202_H_COOH-L2_CLS-208-206_H_NH2_-HCB_A,19.40625,32.00931
T3_CLS-309-202_H_NH2-L2_CLS-208-202_H_COOH_-HCB_A,19.875,32.13766
T3_CLS-309-202_H_NH2-L2_CLS-210_OCOCH3_H_CHO_-HCB_A,19.09375,27.29884
T3_CLS-309-202_NO_COOH-L2_CLS-207_SO2H_H_NH2_-HCB_A,18.09375,27.18312
T3_CLS-309-203_H_COOH-L2_CLS-208-206_H_NH2_-HCB_A,19.03125,32.00931
T3_CLS-309-205_H_CHO-L2_CLS-206_H_CHO_NH2_-HCB_A,19.03125,29.18676
T3_CLS-309-205_H_CHO-L2_CLS-208-205_I_NH2_-HCB_A,17.5625,27.85370
T3_CLS-309-205_H_COOH-L2_CLS-206_Cl_H_NH2_-HCB_A,19.734375,29.44107
T3_CLS-309-205_H_COOH-L2_CLS-208-205_COOH_NH2_-HCB_A,19.03125,28.01024
T3_CLS-309-205_H_COOH-L2_CLS-208-205_EPO_NH2_-HCB_A,19.03125,28.05550
T3_CLS-309-205_H_COOH-L2_CLS-208-205_H_NH2_-HCB_A,19.578125,32.00931
T3_CLS-309-205_H_COOH-L2_CLS-208-206_F_NH2_-HCB_A,19.03125,30.78972
T3_CLS-309-205_H_COOH-L2_CLS-208-206_H_NH2_-HCB_A,19.0625,32.00931
T3_CLS-309-205_H_COOH-L2_CLS-208-208_H_NH2_-HCB_A,19.03125,32.00931
T3_CLS-309-205_H_COOH-L2_CLS-208-208_OCOCH3_NH2_-HCB_A,19.03125,26.77300
T3_CLS-309-205_H_NH2-L2_CLS-208-205_OCOCH3_COOH_-HCB_A,19.03125,27.29884
T3_CLS-309-205_OCOCH3_CHO-L2_CLS-208-205_H_NH2_-HCB_A,19.03125,31.85439
T3_CLS-309-205_OCOCH3_COOH-L2_CLS-208-205_H_NH2_-HCB_A,19.03125,31.85439
T3_CLS-309-205_OCOCH3_COOH-L2_CLS-208-208_H_NH2_-HCB_A,19.03125,31.85439
T3_CLS-309-206_Br_COOH-L2_CLS-208-206_CH3_NH2_-HCB_A,19.0625,30.18508
T3_CLS-309-206_CHO_COOH-L2_CLS-208-206_EPO_NH2_-HCB_A,19.03125,28.05550
T3_CLS-309-206_F_NH2-L2_CLS-208-206_H_COOH_-HCB_A,19.046875,32.13766
T3_CLS-309-206_F_NH2-L2_CLS-208-207_H_COOH_-HCB_A,19.03125,32.13766
T3_CLS-309-206_H_COOH-L2_CLS-204-201_H_NH2_-HCB_A,19.859375,32.00931
T3_CLS-309-206_H_COOH-L2_CLS-206_H_CHO_NH2_-HCB_A,19.1875,29.18676
T3_CLS-309-206_H_COOH-L2_CLS-208-206_Br_NH2_-HCB_A,19.09375,28.88569
T3_CLS-309-206_H_COOH-L2_CLS-208-206_CHS_NH2_-HCB_A,19.09375,28.63439
T3_CLS-309-206_H_COOH-L2_CLS-208-206_EPO_NH2_-HCB_A,19.03125,28.05550
T3_CLS-309-206_H_COOH-L2_CLS-208-206_H_NH2_-HCB_A,19.078125,32.00931
T3_CLS-309-206_H_COOH-L2_CLS-208-206_I_NH2_-HCB_A,19.03125,27.85370
T3_CLS-309-206_H_COOH-L2_CLS-208-208_EPO_NH2_-HCB_A,19.03125,28.05550
T3_CLS-309-206_H_NH2-L2_CLS-202_CHO_H_CHO_-HCB_A,20.34375,28.99610
T3_CLS-309-206_H_NH2-L2_CLS-208-202_H_COOH_-HCB_A,19.109375,32.13766
T3_CLS-309-206_H_NH2-L2_CLS-208-203_H_COOH_-HCB_A,19.03125,32.13766
T3_CLS-309-206_H_NH2-L2_CLS-208-206_EPO_COOH_-HCB_A,19.03125,27.67185
T3_CLS-309-206_H_NH2-L2_CLS-208-207_H_COOH_-HCB_A,19.03125,32.13766
T3_CLS-309-206_H_NH2-L2_CLS-208-208_H_COOH_-HCB_A,20.390625,32.13766
T3_CLS-309-206_H_NH2-L2_CLS-208-210_H_CHO_-HCB_A,19.03125,32.13766
T3_CLS-309-206_H_NH2-L2_CLS-208-210_H_COOH_-HCB_A,19.046875,32.13766
T3_CLS-309-206_I_COOH-L2_CLS-208-206_CH3_NH2_-HCB_A,19.03125,30.18508
T3_CLS-309-206_I_COOH-L2_CLS-208-206_EPO_NH2_-HCB_A,19.03125,28.05550
T3_CLS-309-206_NO_NH2-L2_CLS-208-206_F_COOH_-HCB_A,20.390625,30.92804
T3_CLS-309-206_OCOCH3_COOH-L2_CLS-206_H_H_NH2_-HCB_A,20.109375,31.85439
T3_CLS-309-207_COOH_COOH-L2_CLS-206_H_H_NH2_-HCB_A,21.109375,32.13928
T3_CLS-309-207_H_COOH-L2_CLS-206_H_H_NH2_-HCB_A,18.90625,32.00931
T3_CLS-309-207_H_COOH-L2_CLS-208-206_CHS_NH2_-HCB_A,19.03125,28.63439
T3_CLS-309-207_H_NH2-L2_CLS-208-206_EPO_COOH_-HCB_A,19.03125,27.67185
T3_CLS-309-208_CH3_COOH-L2_CLS-208-206_CH3_NH2_-HCB_A,19.03125,30.18508
T3_CLS-309-208_CH3_COOH-L2_CLS-208-206_COOH_NH2_-HCB_A,19.046875,28.09051
T3_CLS-309-208_CH3_COOH-L2_CLS-208-206_EPO_NH2_-HCB_A,19.03125,28.05550
T3_CLS-309-208_CH3_COOH-L2_CLS-208-206_F_NH2_-HCB_A,19.03125,30.99290
T3_CLS-309-208_CH3_COOH-L2_CLS-208-206_H_NH2_-HCB_A,19.03125,32.20991
T3_CLS-309-208_CH3_COOH-L2_CLS-208-206_I_NH2_-HCB_A,19.03125,28.06955
T3_CLS-309-208_CHO_COOH-L2_CLS-208-206_EPO_NH2_-HCB_A,19.03125,28.05550
T3_CLS-309-208_CHO_COOH-L2_CLS-208-206_F_NH2_-HCB_A,19.09375,30.90350
T3_CLS-309-208_CHO_COOH-L2_CLS-208-206_H_NH2_-HCB_A,19.03125,32.12184
T3_CLS-309-208_H_CHO-L2_CLS-206_H_OMe_NH2_-HCB_A,19.421875,28.52360
T3_CLS-309-208_H_CHO-L2_CLS-206_OMe_H_NH2_-HCB_A,16.5625,28.52288
T3_CLS-309-208_H_COOH-L2_CLS-208-206_Br_NH2_-HCB_A,19.65625,28.88569
T3_CLS-309-208_H_COOH-L2_CLS-208-206_CH3_NH2_-HCB_A,19.03125,30.18508
T3_CLS-309-208_H_COOH-L2_CLS-208-206_CHO_NH2_-HCB_A,19.03125,29.18575
T3_CLS-309-208_H_COOH-L2_CLS-208-206_CHS_NH2_-HCB_A,19.03125,28.63439
T3_CLS-309-208_H_COOH-L2_CLS-208-206_COOH_NH2_-HCB_A,19.03125,28.01024
T3_CLS-309-208_H_COOH-L2_CLS-208-206_EPO_NH2_-HCB_A,19.03125,28.05550
T3_CLS-309-208_H_COOH-L2_CLS-208-206_I_NH2_-HCB_A,19.140625,27.85370
T3_CLS-309-208_H_COOH-L2_CLS-208-206_OMe_NH2_-HCB_A,19.03125,28.52288
T3_CLS-309-208_I_COOH-L2_CLS-208-206_COOH_NH2_-HCB_A,19.03125,28.01024
T3_CLS-309-209_H_COOH-L2_CLS-208-206_H_NH2_-HCB_A,19.921875,32.00931
T3_CLS-309-210_CH3_COOH-L2_CLS-208-206_H_NH2_-HCB_A,19.03125,32.20991
T3_CLS-309-210_CHO_COOH-L2_CLS-208-206_CHS_NH2_-HCB_A,19.046875,28.63439
T3_CLS-309-210_Cl_CHO-L2_CLS-208-206_CHS_NH2_-HCB_A,19.046875,28.63439
T3_CLS-309-210_F_COOH-L2_CLS-208-206_H_NH2_-HCB_A,19.03125,32.00931
T3_CLS-309-210_H_COOH-L2_CLS-201_H_H_NH2_-HCB_A,20.96875,32.00931
T3_CLS-309-210_H_COOH-L2_CLS-208-206_Br_NH2_-HCB_A,19.078125,28.88569
T3_CLS-309-210_H_COOH-L2_CLS-208-206_CH3_NH2_-HCB_A,19.046875,30.18508
T3_CLS-309-210_H_COOH-L2_CLS-208-206_CHO_NH2_-HCB_A,19.03125,29.18575
T3_CLS-309-210_H_COOH-L2_CLS-208-206_CHS_NH2_-HCB_A,19.03125,28.63439
T3_CLS-309-210_H_COOH-L2_CLS-208-206_CN_NH2_-HCB_A,20.609375,28.13563
T3_CLS-309-210_H_COOH-L2_CLS-208-206_EPO_NH2_-HCB_A,19.109375,28.05550
T3_CLS-309-210_H_COOH-L2_CLS-208-206_H_NH2_-HCB_A,19.03125,32.00931
T3_CLS-309-210_H_COOH-L2_CLS-208-206_I_NH2_-HCB_A,19.0625,27.85370
T3_CLS-309-210_H_COOH-L2_CLS-208-206_OH_NH2_-HCB_A,19.796875,30.39460
T3_CLS-309-210_H_COOH-L2_CLS-208-206_SH_NH2_-HCB_A,19.828125,29.94828
T3_CLS-309-210_H_COOH-L2_CLS-208-206_SO2H_NH2_-HCB_A,19.03125,27.18312
T3_CLS-309-210_I_COOH-L2_CLS-208-206_Br_NH2_-HCB_A,18.140625,28.88569
T3_CLS-309-210_I_COOH-L2_CLS-208-206_CHS_NH2_-HCB_A,19.03125,28.63439
T3_CLS-309-210_I_COOH-L2_CLS-208-206_H_NH2_-HCB_A,19.15625,32.00931
T3_CLS-310-207_H_COOH-L2_CLS-206_EPO_NH2_NH2_-HCB_A,19.9375,28.05550
T3_CLS-310-208_CHO_CHO-L2_CLS-208-208_H_NH2_-HCB_A,20.1875,32.12184
