cifname,GCMC吸附,误差
T3_301_NH2_EPO_H_H-L2_216_CHO_H_H-HCB_A-AA,1.618,0.1030864526
T3_301_NH2_EPO_H_H-L2_204_CHO-HCB_A-AA,1.102,0.0793227124
T3_301_NH2_SH_H_H-L2_208_CHO_H_H-HCB_A-AA,1.754,0.0971004961
T3_301_NH2_NO2_H_H-L2_201_CHO_H_H-HCB_A-AA,2.013,0.1629703519
T3_301_NH2_Cl_H_H-L2_207_CHO_H_H-HCB_A-AA,1.607,0.1331756887
T3_301_NH2_CHS_H_H-L2_212_CHO_H_H-HCB_A-AA,2.271,0.2050015386
T3_301_NH2_CH3_H_H-L2_209_CHO_H_H-HCB_A-AA,3.187,0.4035620443
T3_301_NH2_CHS_H_H-L2_204_CHO-HCB_A-AA,0.814,0.064568113
T3_301_NH2_CN_H_H-L2_207_CHO_H_H-HCB_A-AA,1.462,0.0785907123
T3_301_NH2_H_H_H-L2_206_CHO_H_H-HCB_A-AA,1.619,0.1815788369
T3_301_NH2_Br_H_H-L2_216_CHO_H_H-HCB_A-AA,1.057,0.0509227672
T3_301_NH2_EPO_H_H-L2_208_CHO_H_H-HCB_A-AA,2.745,0.2875539401
T3_301_NH2_I_H_H-L2_208_CHO_H_H-HCB_A-AA,1.646,0.2615708004
T3_301_NH2_SH_H_H-L2_209_CHO_H_H-HCB_A-AA,2.117,0.1497882887
T3_301_NH2_I_H_H-L2_216_CHO_H_H-HCB_A-AA,1.099,0.0917970776
T3_301_NH2_F_H_H-L2_217_CHO_H_H-HCB_A-AA,2.257,0.151578243
T3_301_NH2_CHO_H_H-L2_207_CHO_H_H-HCB_A-AA,1.852,0.1819603945
T3_301_NH2_CHS_H_H-L2_216_CHO_H_H-HCB_A-AA,1.276,0.1068309256
T3_301_NH2_OMe_H_H-L2_205_CHO_H_H-HCB_A-AA,2.505,0.148067791
T3_301_NH2_F_H_H-L2_209_CHO_H_H-HCB_A-AA,2.207,0.0489946306
T3_301_NH2_I_H_H-L2_213_CHO_H_H-HCB_A-AA,1.447,0.1354705065
T3_301_NH2_CH3_H_H-L2_201_CHO_H_H-HCB_A-AA,2.271,0.1778807428
T3_301_NH2_CN_H_H-L2_209_CHO_H_H-HCB_A-AA,1.939,0.1765217342
T3_301_NH2_CH3_H_H-L2_214_CHO_H_H-HCB_A-AA,1.444,0.064717128
T3_301_NH2_NO2_H_H-L2_213_CHO_H_H-HCB_A-AA,1.713,0.0966231454
T3_301_NH2_OCOCH3_H_H-L2_201_CHO_H_H-HCB_A-AA,3.349,0.3446993975
T3_301_NH2_OCOCH3_H_H-L2_208_CHO_H_H-HCB_A-AA,3.941,0.2072447151
T3_301_NH2_Cl_H_H-L2_205_CHO_H_H-HCB_A-AA,1.607,0.1438841264
T3_301_NH2_CN_H_H-L2_206_CHO_H_H-HCB_A-AA,1.327,0.156764139
T3_301_NH2_NH2_H_H-L2_201_CHO_H_H-HCB_A-AA,1.861,0.128298059
T3_301_NH2_OMe_H_H-L2_212_CHO_H_H-HCB_A-AA,2.806,0.118542026
T3_301_NH2_COOH_H_H-L2_203_CHO_H_H-HCB_A-AA,2.028,0.2326960371
T3_301_NH2_Br_H_H-L2_215_CHO_H_H-HCB_A-AA,1.003,0.0559692821
T3_301_NH2_F_H_H-L2_216_CHO_H_H-HCB_A-AA,1.111,0.1011812968
T3_301_NH2_F_H_H-L2_213_CHO_H_H-HCB_A-AA,1.52,0.1564812265
T3_301_NH2_CHS_H_H-L2_210_CHO_H_H-HCB_A-AA,1.324,0.1478334033
T3_301_NH2_F_H_H-L2_203_CHO_H_H-HCB_A-AA,1.866,0.1993314914
T3_301_NH2_NH2_H_H-L2_212_CHO_H_H-HCB_A-AA,2.057,0.2198830331
T3_301_NH2_OMe_H_H-L2_203_CHO_H_H-HCB_A-AA,2.553,0.1177429855
T3_301_NH2_CH3_H_H-L2_205_CHO_H_H-HCB_A-AA,2.264,0.1688232565
T3_301_NH2_CHO_H_H-L2_206_CHO_H_H-HCB_A-AA,1.624,0.131998727
T3_301_NH2_CHS_H_H-L2_217_CHO_H_H-HCB_A-AA,2.536,0.1028806723
T3_301_NH2_COOH_H_H-L2_207_CHO_H_H-HCB_A-AA,2.038,0.0915027881
T3_301_NH2_CHO_H_H-L2_203_CHO_H_H-HCB_A-AA,1.985,0.1200439466
T3_301_NH2_CHO_H_H-L2_204_CHO-HCB_A-AA,0.74,0.1059799581
T3_301_NH2_NO_H_H-L2_214_CHO_H_H-HCB_A-AA,1.033,0.041314864
T3_301_NH2_NO2_H_H-L2_211_CHO_H_H-HCB_A-AA,1.525,0.183772458
T3_301_NH2_OMe_H_H-L2_217_CHO_H_H-HCB_A-AA,3.197,0.2602120586
T3_301_NH2_OCOCH3_H_H-L2_216_CHO_H_H-HCB_A-AA,2.401,0.2145975484
T3_301_NH2_EPO_H_H-L2_201_CHO_H_H-HCB_A-AA,2.561,0.1943893876
T3_301_NH2_OMe_H_H-L2_209_CHO_H_H-HCB_A-AA,3.034,0.3606236628
T3_301_NH2_I_H_H-L2_212_CHO_H_H-HCB_A-AA,2.07,0.2621079149
T3_301_NH2_F_H_H-L2_207_CHO_H_H-HCB_A-AA,1.545,0.1516036606
T3_301_NH2_Cl_H_H-L2_217_CHO_H_H-HCB_A-AA,2.311,0.1753170927
T3_301_NH2_CHO_H_H-L2_217_CHO_H_H-HCB_A-AA,2.5,0.2841843143
T3_301_NH2_EPO_H_H-L2_215_CHO_H_H-HCB_A-AA,1.504,0.1752071691
T3_301_NH2_EPO_H_H-L2_217_CHO_H_H-HCB_A-AA,3.046,0.165539004
T3_301_NH2_NO_H_H-L2_210_CHO_H_H-HCB_A-AA,1.147,0.0740469056
T3_301_NH2_SO2H_H_H-L2_217_CHO_H_H-HCB_A-AA,2.592,0.1549719249
T3_301_NH2_OMe_H_H-L2_208_CHO_H_H-HCB_A-AA,2.528,0.283491992
T3_301_NH2_CH3_H_H-L2_216_CHO_H_H-HCB_A-AA,1.492,0.1119557737
T3_301_NH2_OH_H_H-L2_214_CHO_H_H-HCB_A-AA,0.966,0.0927366832
T3_301_NH2_OCOCH3_H_H-L2_217_CHO_H_H-HCB_A-AA,4.957,0.3056626863
T3_301_NH2_H_H_H-L2_201_CHO_H_H-HCB_A-AA,1.779,0.1477030272
T3_301_NH2_OMe_H_H-L2_214_CHO_H_H-HCB_A-AA,1.404,0.1021288853
T3_301_NH2_OMe_H_H-L2_213_CHO_H_H-HCB_A-AA,2.032,0.0908689583
T3_301_NH2_F_H_H-L2_202_CHO_H_H-HCB_A-AA,1.151,0.0930477766
T3_301_NH2_CN_H_H-L2_213_CHO_H_H-HCB_A-AA,1.343,0.1116110815
T3_301_NH2_NH2_H_H-L2_215_CHO_H_H-HCB_A-AA,1.088,0.0657800716
T3_301_NH2_H_H_H-L2_207_CHO_H_H-HCB_A-AA,1.56,0.0880040163
T3_301_NH2_OCOCH3_H_H-L2_209_CHO_H_H-HCB_A-AA,5.055,0.1946172013
T3_301_NH2_SO2H_H_H-L2_203_CHO_H_H-HCB_A-AA,1.956,0.1898264444
T3_301_NH2_OMe_H_H-L2_206_CHO_H_H-HCB_A-AA,1.986,0.1356694563
T3_301_NH2_NH2_H_H-L2_214_CHO_H_H-HCB_A-AA,1.087,0.0615433628
T3_301_NH2_SO2H_H_H-L2_207_CHO_H_H-HCB_A-AA,2.066,0.1994764141
T3_301_NH2_H_H_H-L2_214_CHO_H_H-HCB_A-AA,1.07,0.1456408234
T3_301_NH2_SH_H_H-L2_202_CHO_H_H-HCB_A-AA,1.246,0.0785661949
T3_301_NH2_OMe_H_H-L2_210_CHO_H_H-HCB_A-AA,1.649,0.1405517064
T3_301_NH2_Cl_H_H-L2_206_CHO_H_H-HCB_A-AA,1.427,0.1858883891
T3_301_NH2_F_H_H-L2_212_CHO_H_H-HCB_A-AA,2.055,0.2536662563
T3_301_NH2_I_H_H-L2_206_CHO_H_H-HCB_A-AA,1.398,0.1126419939
T3_301_NH2_CHS_H_H-L2_205_CHO_H_H-HCB_A-AA,2.008,0.0677992182
T3_301_NH2_NO_H_H-L2_204_CHO-HCB_A-AA,0.634,0.0901024773
T3_301_NH2_CHO_H_H-L2_209_CHO_H_H-HCB_A-AA,2.349,0.2030184286
T3_301_NH2_COOH_H_H-L2_216_CHO_H_H-HCB_A-AA,1.259,0.0679127848
T3_301_NH2_CN_H_H-L2_201_CHO_H_H-HCB_A-AA,1.582,0.0363539432
T3_301_NH2_SH_H_H-L2_213_CHO_H_H-HCB_A-AA,1.648,0.1395337008
T3_301_NH2_CN_H_H-L2_210_CHO_H_H-HCB_A-AA,1.043,0.0545750586
T3_301_NH2_NO_H_H-L2_211_CHO_H_H-HCB_A-AA,1.258,0.08265304
T3_301_NH2_CHS_H_H-L2_215_CHO_H_H-HCB_A-AA,1.236,0.1039981635
T3_301_NH2_OMe_H_H-L2_202_CHO_H_H-HCB_A-AA,1.759,0.1880419862
T3_301_NH2_CH3_H_H-L2_213_CHO_H_H-HCB_A-AA,2.234,0.1382018712
T3_301_NH2_NO2_H_H-L2_204_CHO-HCB_A-AA,0.706,0.0840170055
T3_301_NH2_NO_H_H-L2_217_CHO_H_H-HCB_A-AA,2.438,0.2300732991
T3_301_NH2_H_H_H-L2_203_CHO_H_H-HCB_A-AA,1.808,0.117004366
T3_301_NH2_SH_H_H-L2_211_CHO_H_H-HCB_A-AA,1.353,0.2314091982
T3_301_NH2_CHO_H_H-L2_205_CHO_H_H-HCB_A-AA,1.767,0.1788636063
T3_301_NH2_Br_H_H-L2_217_CHO_H_H-HCB_A-AA,2.36,0.1035898165
T3_301_NH2_NO2_H_H-L2_207_CHO_H_H-HCB_A-AA,1.912,0.0866361092
T3_301_NH2_SO2H_H_H-L2_206_CHO_H_H-HCB_A-AA,1.615,0.1120761655
T3_301_NH2_NO2_H_H-L2_205_CHO_H_H-HCB_A-AA,1.955,0.1489757929
T3_301_NH2_Cl_H_H-L2_215_CHO_H_H-HCB_A-AA,1.008,0.0833493711
T3_301_NH2_CHS_H_H-L2_214_CHO_H_H-HCB_A-AA,1.174,0.1069210554
T3_301_NH2_NO_H_H-L2_212_CHO_H_H-HCB_A-AA,2.134,0.2163410732
T3_301_NH2_F_H_H-L2_208_CHO_H_H-HCB_A-AA,1.666,0.0788110262
T3_301_NH2_CHS_H_H-L2_211_CHO_H_H-HCB_A-AA,1.636,0.2531112289
T3_301_NH2_EPO_H_H-L2_203_CHO_H_H-HCB_A-AA,2.52,0.1160454332
T3_301_NH2_H_H_H-L2_204_CHO-HCB_A-AA,0.581,0.0815737885
T3_301_NH2_CN_H_H-L2_215_CHO_H_H-HCB_A-AA,1.025,0.0847703316
T3_301_NH2_F_H_H-L2_205_CHO_H_H-HCB_A-AA,1.733,0.1421328266
T3_301_NH2_NH2_H_H-L2_209_CHO_H_H-HCB_A-AA,2.108,0.1610678165
T3_301_NH2_OCOCH3_H_H-L2_203_CHO_H_H-HCB_A-AA,3.674,0.3786061011
T3_301_NH2_F_H_H-L2_214_CHO_H_H-HCB_A-AA,0.96,0.0669988621
T3_301_NH2_Br_H_H-L2_201_CHO_H_H-HCB_A-AA,1.641,0.1211144336
T3_301_NH2_CHO_H_H-L2_210_CHO_H_H-HCB_A-AA,1.308,0.1590214342
T3_301_NH2_OCOCH3_H_H-L2_204_CHO-HCB_A-AA,1.262,0.0720691517
T3_301_NH2_Cl_H_H-L2_203_CHO_H_H-HCB_A-AA,1.815,0.2101800512
T3_301_NH2_Cl_H_H-L2_213_CHO_H_H-HCB_A-AA,1.537,0.1511964652
T3_301_NH2_CHS_H_H-L2_206_CHO_H_H-HCB_A-AA,1.646,0.0566195127
T3_301_NH2_SO2H_H_H-L2_205_CHO_H_H-HCB_A-AA,1.895,0.0687024949
T3_301_NH2_CHS_H_H-L2_202_CHO_H_H-HCB_A-AA,1.443,0.1512601618
T3_301_NH2_SO2H_H_H-L2_211_CHO_H_H-HCB_A-AA,1.391,0.1195131675
T3_301_NH2_NH2_H_H-L2_211_CHO_H_H-HCB_A-AA,1.337,0.1897350816
T3_301_NH2_COOH_H_H-L2_210_CHO_H_H-HCB_A-AA,1.269,0.1700739005
T3_301_NH2_SO2H_H_H-L2_209_CHO_H_H-HCB_A-AA,2.372,0.3382166119
T3_301_NH2_I_H_H-L2_204_CHO-HCB_A-AA,0.701,0.0806235664
T3_301_NH2_SO2H_H_H-L2_202_CHO_H_H-HCB_A-AA,1.409,0.0446323481
T3_301_NH2_EPO_H_H-L2_207_CHO_H_H-HCB_A-AA,2.585,0.1433072191
T3_301_NH2_NO2_H_H-L2_202_CHO_H_H-HCB_A-AA,1.352,0.1690627303
T3_301_NH2_CHS_H_H-L2_208_CHO_H_H-HCB_A-AA,2.024,0.2129754726
T3_301_NH2_Br_H_H-L2_210_CHO_H_H-HCB_A-AA,1.157,0.124734796
T3_301_NH2_CHO_H_H-L2_202_CHO_H_H-HCB_A-AA,1.344,0.1469838917
T3_301_NH2_I_H_H-L2_201_CHO_H_H-HCB_A-AA,1.692,0.1430111573
T3_301_NH2_Br_H_H-L2_207_CHO_H_H-HCB_A-AA,1.492,0.1548475593
T3_301_NH2_CHS_H_H-L2_203_CHO_H_H-HCB_A-AA,2.047,0.1399472983
T3_301_NH2_COOH_H_H-L2_205_CHO_H_H-HCB_A-AA,1.957,0.0835801923
T3_301_NH2_SH_H_H-L2_217_CHO_H_H-HCB_A-AA,2.48,0.1980515989
T3_301_NH2_SO2H_H_H-L2_208_CHO_H_H-HCB_A-AA,2.114,0.1382018712
T3_301_NH2_SH_H_H-L2_206_CHO_H_H-HCB_A-AA,1.54,0.1387305826
T3_301_NH2_I_H_H-L2_214_CHO_H_H-HCB_A-AA,1.01,0.1048835842
T3_301_NH2_OH_H_H-L2_203_CHO_H_H-HCB_A-AA,1.882,0.2240921594
T3_301_NH2_CH3_H_H-L2_217_CHO_H_H-HCB_A-AA,2.934,0.1119385643
T3_301_NH2_I_H_H-L2_210_CHO_H_H-HCB_A-AA,1.157,0.1071190742
T3_301_NH2_Cl_H_H-L2_214_CHO_H_H-HCB_A-AA,0.989,0.1386889155
T3_301_NH2_NO2_H_H-L2_209_CHO_H_H-HCB_A-AA,2.325,0.1369837164
T3_301_NH2_NO2_H_H-L2_203_CHO_H_H-HCB_A-AA,2.033,0.1200920829
T3_301_NH2_SO2H_H_H-L2_212_CHO_H_H-HCB_A-AA,2.287,0.1549719249
T3_301_NH2_SH_H_H-L2_216_CHO_H_H-HCB_A-AA,1.231,0.0758208896
T3_301_NH2_SO2H_H_H-L2_204_CHO-HCB_A-AA,0.845,0.1239135008
T3_301_NH2_H_H_H-L2_205_CHO_H_H-HCB_A-AA,1.792,0.1931066691
T3_301_NH2_NO_H_H-L2_216_CHO_H_H-HCB_A-AA,1.094,0.0888103099
T3_301_NH2_NO_H_H-L2_205_CHO_H_H-HCB_A-AA,1.677,0.2054802626
T3_301_NH2_OCOCH3_H_H-L2_210_CHO_H_H-HCB_A-AA,2.717,0.2164835082
T3_301_NH2_SH_H_H-L2_214_CHO_H_H-HCB_A-AA,1.195,0.0941387402
T3_301_NH2_Br_H_H-L2_209_CHO_H_H-HCB_A-AA,1.856,0.2245559232
T3_301_NH2_Br_H_H-L2_202_CHO_H_H-HCB_A-AA,1.088,0.06563347
T3_301_NH2_H_H_H-L2_202_CHO_H_H-HCB_A-AA,1.201,0.1644296764
T3_301_NH2_Cl_H_H-L2_209_CHO_H_H-HCB_A-AA,1.99,0.2017619258
T3_301_NH2_OH_H_H-L2_207_CHO_H_H-HCB_A-AA,1.67,0.1856498644
T3_301_NH2_OH_H_H-L2_204_CHO-HCB_A-AA,0.558,0.082769502
T3_301_NH2_COOH_H_H-L2_213_CHO_H_H-HCB_A-AA,1.661,0.0463267743
T3_301_NH2_I_H_H-L2_207_CHO_H_H-HCB_A-AA,1.503,0.1014854878
T3_301_NH2_Cl_H_H-L2_201_CHO_H_H-HCB_A-AA,1.787,0.2043520681
T3_301_NH2_CN_H_H-L2_214_CHO_H_H-HCB_A-AA,0.963,0.0972194675
T3_301_NH2_CHO_H_H-L2_215_CHO_H_H-HCB_A-AA,1.12,0.0640588692
T3_301_NH2_H_H_H-L2_210_CHO_H_H-HCB_A-AA,1.19,0.1356410528
T3_301_NH2_OH_H_H-L2_212_CHO_H_H-HCB_A-AA,2.194,0.238736
T3_301_NH2_CHO_H_H-L2_201_CHO_H_H-HCB_A-AA,1.902,0.1542866736
T3_301_NH2_NO_H_H-L2_201_CHO_H_H-HCB_A-AA,1.792,0.130987789
T3_301_NH2_SO2H_H_H-L2_201_CHO_H_H-HCB_A-AA,2.032,0.1811113971
T3_301_NH2_OH_H_H-L2_208_CHO_H_H-HCB_A-AA,1.748,0.194993006
T3_301_NH2_H_H_H-L2_217_CHO_H_H-HCB_A-AA,2.586,0.226945428
T3_301_NH2_NO2_H_H-L2_216_CHO_H_H-HCB_A-AA,1.208,0.2012169195
T3_301_NH2_OMe_H_H-L2_207_CHO_H_H-HCB_A-AA,2.298,0.0949132222
T3_301_NH2_OH_H_H-L2_201_CHO_H_H-HCB_A-AA,1.66,0.088113406
T3_301_NH2_CHO_H_H-L2_211_CHO_H_H-HCB_A-AA,1.428,0.1224747794
T3_301_NH2_SO2H_H_H-L2_213_CHO_H_H-HCB_A-AA,1.761,0.116575475
T3_301_NH2_CHO_H_H-L2_214_CHO_H_H-HCB_A-AA,1.135,0.1453760217
T3_301_NH2_NO2_H_H-L2_210_CHO_H_H-HCB_A-AA,1.342,0.1802584009
T3_301_NH2_I_H_H-L2_217_CHO_H_H-HCB_A-AA,2.234,0.1337386799
T3_301_NH2_Cl_H_H-L2_204_CHO-HCB_A-AA,0.648,0.0865248518
T3_301_NH2_SO2H_H_H-L2_215_CHO_H_H-HCB_A-AA,1.24,0.0605015173
T3_301_NH2_OH_H_H-L2_206_CHO_H_H-HCB_A-AA,1.445,0.1221124505
T3_301_NH2_F_H_H-L2_201_CHO_H_H-HCB_A-AA,1.68,0.1496209921
T3_301_NH2_EPO_H_H-L2_202_CHO_H_H-HCB_A-AA,1.827,0.1509414103
T3_301_NH2_NO_H_H-L2_202_CHO_H_H-HCB_A-AA,1.089,0.064717128
T3_301_NH2_F_H_H-L2_206_CHO_H_H-HCB_A-AA,1.455,0.0898455306
T3_301_NH2_H_H_H-L2_208_CHO_H_H-HCB_A-AA,1.705,0.1588638612
T3_301_NH2_SH_H_H-L2_201_CHO_H_H-HCB_A-AA,1.8,0.0915448874
T3_301_NH2_OMe_H_H-L2_215_CHO_H_H-HCB_A-AA,1.435,0.142295388
T3_301_NH2_OCOCH3_H_H-L2_205_CHO_H_H-HCB_A-AA,4.117,0.1789712841
T3_301_NH2_NO2_H_H-L2_212_CHO_H_H-HCB_A-AA,2.334,0.1965576592
T3_301_NH2_NH2_H_H-L2_206_CHO_H_H-HCB_A-AA,1.428,0.0907628897
T3_301_NH2_NO2_H_H-L2_215_CHO_H_H-HCB_A-AA,1.091,0.0711002915
T3_301_NH2_Cl_H_H-L2_212_CHO_H_H-HCB_A-AA,2.028,0.1479766843
T3_301_NH2_EPO_H_H-L2_210_CHO_H_H-HCB_A-AA,1.645,0.0934197213
T3_301_NH2_OCOCH3_H_H-L2_213_CHO_H_H-HCB_A-AA,3.274,0.2733126727
T3_301_NH2_EPO_H_H-L2_212_CHO_H_H-HCB_A-AA,2.777,0.0857420078
T3_301_NH2_OH_H_H-L2_215_CHO_H_H-HCB_A-AA,1.096,0.1658877768
T3_301_NH2_COOH_H_H-L2_208_CHO_H_H-HCB_A-AA,2.073,0.1597466802
T3_301_NH2_I_H_H-L2_215_CHO_H_H-HCB_A-AA,1.023,0.0589859175
T3_301_NH2_F_H_H-L2_204_CHO-HCB_A-AA,0.56,0.1464323554
T3_301_NH2_Br_H_H-L2_211_CHO_H_H-HCB_A-AA,1.202,0.1366034596
T3_301_NH2_OH_H_H-L2_211_CHO_H_H-HCB_A-AA,1.324,0.0729723757
T3_301_NH2_F_H_H-L2_211_CHO_H_H-HCB_A-AA,1.293,0.114676019
T3_301_NH2_CHS_H_H-L2_207_CHO_H_H-HCB_A-AA,2.013,0.1814833222
T3_301_NH2_CN_H_H-L2_208_CHO_H_H-HCB_A-AA,1.554,0.0795409988
T3_301_NH2_OCOCH3_H_H-L2_206_CHO_H_H-HCB_A-AA,3.391,0.1687091019
T3_301_NH2_OCOCH3_H_H-L2_211_CHO_H_H-HCB_A-AA,3.385,0.3103972703
T3_301_NH2_CH3_H_H-L2_212_CHO_H_H-HCB_A-AA,2.693,0.2681607379
T3_301_NH2_OCOCH3_H_H-L2_212_CHO_H_H-HCB_A-AA,4.997,0.1188017733
T3_301_NH2_OMe_H_H-L2_211_CHO_H_H-HCB_A-AA,1.659,0.0961033399
T3_301_NH2_OCOCH3_H_H-L2_207_CHO_H_H-HCB_A-AA,3.974,0.3895658828
T3_301_NH2_CH3_H_H-L2_208_CHO_H_H-HCB_A-AA,2.525,0.2030468951
T3_301_NH2_OH_H_H-L2_202_CHO_H_H-HCB_A-AA,1.059,0.1045524302
T3_301_NH2_Cl_H_H-L2_211_CHO_H_H-HCB_A-AA,1.291,0.1379926117
T3_301_NH2_NH2_H_H-L2_210_CHO_H_H-HCB_A-AA,1.136,0.088375389
T3_301_NH2_CN_H_H-L2_216_CHO_H_H-HCB_A-AA,0.92,0.127514828
T3_301_NH2_I_H_H-L2_203_CHO_H_H-HCB_A-AA,1.694,0.1155796526
T3_301_NH2_OH_H_H-L2_205_CHO_H_H-HCB_A-AA,1.626,0.135242777
T3_301_NH2_Br_H_H-L2_214_CHO_H_H-HCB_A-AA,0.969,0.0611980517
T3_301_NH2_I_H_H-L2_209_CHO_H_H-HCB_A-AA,2.007,0.2617622278
T3_301_NH2_SH_H_H-L2_203_CHO_H_H-HCB_A-AA,1.859,0.1121964282
T3_301_NH2_COOH_H_H-L2_202_CHO_H_H-HCB_A-AA,1.323,0.1461426248
T3_301_NH2_Br_H_H-L2_212_CHO_H_H-HCB_A-AA,2.005,0.2668788708
T3_301_NH2_SO2H_H_H-L2_210_CHO_H_H-HCB_A-AA,1.35,0.0616059387
T3_301_NH2_CN_H_H-L2_211_CHO_H_H-HCB_A-AA,1.191,0.214013217
T3_301_NH2_COOH_H_H-L2_201_CHO_H_H-HCB_A-AA,1.951,0.0635152197
T3_301_NH2_COOH_H_H-L2_215_CHO_H_H-HCB_A-AA,1.165,0.104053723
T3_301_NH2_OCOCH3_H_H-L2_202_CHO_H_H-HCB_A-AA,3.202,0.5458317721
T3_301_NH2_SH_H_H-L2_212_CHO_H_H-HCB_A-AA,2.165,0.1784538381
T3_301_NH2_NH2_H_H-L2_213_CHO_H_H-HCB_A-AA,1.591,0.0518227975
T3_301_NH2_CN_H_H-L2_202_CHO_H_H-HCB_A-AA,1.058,0.0980089199
T3_301_NH2_COOH_H_H-L2_212_CHO_H_H-HCB_A-AA,2.17,0.1812921417
T3_301_NH2_Cl_H_H-L2_202_CHO_H_H-HCB_A-AA,1.143,0.0507332513
T3_301_NH2_EPO_H_H-L2_211_CHO_H_H-HCB_A-AA,1.998,0.2026955287
T3_301_NH2_OCOCH3_H_H-L2_215_CHO_H_H-HCB_A-AA,2.546,0.2923841026
T3_301_NH2_NO2_H_H-L2_206_CHO_H_H-HCB_A-AA,1.681,0.127696
T3_301_NH2_NH2_H_H-L2_217_CHO_H_H-HCB_A-AA,2.297,0.1782161732
T3_301_NH2_NO_H_H-L2_208_CHO_H_H-HCB_A-AA,1.693,0.2260608461
T3_301_NH2_NO_H_H-L2_215_CHO_H_H-HCB_A-AA,1.008,0.1240378184
T3_301_NH2_H_H_H-L2_213_CHO_H_H-HCB_A-AA,1.62,0.0890918699
T3_301_NH2_NH2_H_H-L2_205_CHO_H_H-HCB_A-AA,1.609,0.22096681
T3_301_NH2_Cl_H_H-L2_210_CHO_H_H-HCB_A-AA,1.155,0.0526708967
T3_301_NH2_SO2H_H_H-L2_214_CHO_H_H-HCB_A-AA,1.17,0.0817625078
T3_301_NH2_CN_H_H-L2_205_CHO_H_H-HCB_A-AA,1.502,0.1218439496
T3_301_NH2_CH3_H_H-L2_215_CHO_H_H-HCB_A-AA,1.482,0.1975451221
T3_301_NH2_SH_H_H-L2_207_CHO_H_H-HCB_A-AA,1.71,0.116542418
T3_301_NH2_EPO_H_H-L2_213_CHO_H_H-HCB_A-AA,2.24,0.2456014915
T3_301_NH2_COOH_H_H-L2_217_CHO_H_H-HCB_A-AA,2.579,0.1456672771
T3_301_NH2_CHO_H_H-L2_213_CHO_H_H-HCB_A-AA,1.773,0.1173332153
T3_301_NH2_COOH_H_H-L2_214_CHO_H_H-HCB_A-AA,1.218,0.1144237433
T3_301_NH2_COOH_H_H-L2_211_CHO_H_H-HCB_A-AA,1.539,0.0664792594
T3_301_NH2_NO_H_H-L2_206_CHO_H_H-HCB_A-AA,1.427,0.0746945207
T3_301_NH2_CHO_H_H-L2_212_CHO_H_H-HCB_A-AA,2.172,0.1067587669
T3_301_NH2_EPO_H_H-L2_206_CHO_H_H-HCB_A-AA,2.032,0.1710453074
T3_301_NH2_OH_H_H-L2_210_CHO_H_H-HCB_A-AA,1.138,0.1205723891
T3_301_NH2_CH3_H_H-L2_203_CHO_H_H-HCB_A-AA,2.378,0.1508775792
T3_301_NH2_CH3_H_H-L2_202_CHO_H_H-HCB_A-AA,1.718,0.2042106056
T3_301_NH2_NO2_H_H-L2_217_CHO_H_H-HCB_A-AA,2.569,0.2094638705
T3_301_NH2_I_H_H-L2_205_CHO_H_H-HCB_A-AA,1.594,0.1011812968
T3_301_NH2_NH2_H_H-L2_208_CHO_H_H-HCB_A-AA,1.704,0.1688232565
T3_301_NH2_Br_H_H-L2_213_CHO_H_H-HCB_A-AA,1.404,0.1018455345
T3_301_NH2_Cl_H_H-L2_208_CHO_H_H-HCB_A-AA,1.598,0.19170486
T3_301_NH2_F_H_H-L2_215_CHO_H_H-HCB_A-AA,0.969,0.0807429557
T3_301_NH2_Br_H_H-L2_204_CHO-HCB_A-AA,0.64,0.1076930586
T3_301_NH2_OH_H_H-L2_209_CHO_H_H-HCB_A-AA,2.053,0.1662474067
T3_301_NH2_CH3_H_H-L2_204_CHO-HCB_A-AA,0.916,0.1051037739
T3_301_NH2_F_H_H-L2_210_CHO_H_H-HCB_A-AA,1.136,0.0545397464
T3_301_NH2_H_H_H-L2_216_CHO_H_H-HCB_A-AA,1.224,0.0811000691
T3_301_NH2_Br_H_H-L2_208_CHO_H_H-HCB_A-AA,1.68,0.1381042563
T3_301_NH2_OMe_H_H-L2_216_CHO_H_H-HCB_A-AA,1.495,0.1377550667
T3_301_NH2_OCOCH3_H_H-L2_214_CHO_H_H-HCB_A-AA,2.543,0.1915540577
T3_301_NH2_Br_H_H-L2_203_CHO_H_H-HCB_A-AA,1.858,0.1763142478
T3_301_NH2_H_H_H-L2_211_CHO_H_H-HCB_A-AA,1.382,0.1866124576
T3_301_NH2_NH2_H_H-L2_202_CHO_H_H-HCB_A-AA,1.197,0.1314282827
T3_301_NH2_CHO_H_H-L2_216_CHO_H_H-HCB_A-AA,1.207,0.1295086563
T3_301_NH2_CHS_H_H-L2_213_CHO_H_H-HCB_A-AA,1.781,0.1155796526
T3_301_NH2_OMe_H_H-L2_201_CHO_H_H-HCB_A-AA,2.316,0.2129302386
T3_301_NH2_SH_H_H-L2_210_CHO_H_H-HCB_A-AA,1.189,0.0508849205
T3_301_NH2_CH3_H_H-L2_211_CHO_H_H-HCB_A-AA,1.737,0.1656088173
T3_301_NH2_I_H_H-L2_211_CHO_H_H-HCB_A-AA,1.326,0.1057433751
T3_301_NH2_CN_H_H-L2_217_CHO_H_H-HCB_A-AA,2.208,0.3523880249
T3_301_NH2_OH_H_H-L2_216_CHO_H_H-HCB_A-AA,1.069,0.0264813522
T3_301_NH2_OMe_H_H-L2_204_CHO-HCB_A-AA,0.976,0.088375389
T3_301_NH2_NO_H_H-L2_213_CHO_H_H-HCB_A-AA,1.448,0.0482017849
T3_301_NH2_NO_H_H-L2_207_CHO_H_H-HCB_A-AA,1.587,0.2063690424
T3_301_NH2_CH3_H_H-L2_210_CHO_H_H-HCB_A-AA,1.702,0.1391880974
T3_301_NH2_OH_H_H-L2_213_CHO_H_H-HCB_A-AA,1.538,0.1539116143
T3_301_NH2_H_H_H-L2_209_CHO_H_H-HCB_A-AA,2.281,0.2165635868
T3_301_NH2_COOH_H_H-L2_209_CHO_H_H-HCB_A-AA,2.32,0.1815576158
T3_301_NH2_CN_H_H-L2_212_CHO_H_H-HCB_A-AA,2.001,0.1058344311
T3_301_NH2_SH_H_H-L2_215_CHO_H_H-HCB_A-AA,1.054,0.0450619282
T3_301_NH2_CH3_H_H-L2_206_CHO_H_H-HCB_A-AA,1.98,0.1617481608
T3_301_NH2_I_H_H-L2_202_CHO_H_H-HCB_A-AA,1.125,0.2088928472
T3_301_NH2_Cl_H_H-L2_216_CHO_H_H-HCB_A-AA,1.065,0.094648981
T3_301_NH2_NO2_H_H-L2_214_CHO_H_H-HCB_A-AA,1.215,0.1347861637
T3_301_NH2_Br_H_H-L2_206_CHO_H_H-HCB_A-AA,1.349,0.1398646767
T3_301_NH2_H_H_H-L2_215_CHO_H_H-HCB_A-AA,1.14,0.1420921571
T3_301_NH2_Br_H_H-L2_205_CHO_H_H-HCB_A-AA,1.663,0.1014854878
T3_301_NH2_SH_H_H-L2_205_CHO_H_H-HCB_A-AA,1.755,0.1342132125
T3_301_NH2_CHS_H_H-L2_209_CHO_H_H-HCB_A-AA,2.48,0.1341414215
T3_301_NH2_NO_H_H-L2_203_CHO_H_H-HCB_A-AA,1.925,0.0852236521
T3_301_NH2_COOH_H_H-L2_204_CHO-HCB_A-AA,0.734,0.0435398587
T3_301_NH2_NH2_H_H-L2_216_CHO_H_H-HCB_A-AA,1.124,0.1558891466
T3_301_NH2_COOH_H_H-L2_206_CHO_H_H-HCB_A-AA,1.573,0.1756025719
T3_301_NH2_NH2_H_H-L2_207_CHO_H_H-HCB_A-AA,1.627,0.1403596771
T3_301_NH2_NH2_H_H-L2_204_CHO-HCB_A-AA,0.619,0.0845883232
T3_301_NH2_H_H_H-L2_212_CHO_H_H-HCB_A-AA,2.44,0.2525626097
T3_301_NH2_EPO_H_H-L2_209_CHO_H_H-HCB_A-AA,2.95,0.1827211195
T3_301_NH2_SH_H_H-L2_204_CHO-HCB_A-AA,0.733,0.1134090285
T3_301_NH2_CN_H_H-L2_204_CHO-HCB_A-AA,0.565,0.0675715123
T3_301_NH2_CN_H_H-L2_203_CHO_H_H-HCB_A-AA,1.78,0.1589850851
T3_301_NH2_EPO_H_H-L2_214_CHO_H_H-HCB_A-AA,1.574,0.0521932296
T3_301_NH2_CHS_H_H-L2_201_CHO_H_H-HCB_A-AA,2.072,0.1707070723
T3_301_NH2_NH2_H_H-L2_203_CHO_H_H-HCB_A-AA,1.77,0.1369133782
T3_301_NH2_OH_H_H-L2_217_CHO_H_H-HCB_A-AA,2.356,0.1680225454
T3_301_NH2_NO2_H_H-L2_208_CHO_H_H-HCB_A-AA,1.921,0.154772892
T3_301_NH2_CH3_H_H-L2_207_CHO_H_H-HCB_A-AA,2.305,0.1466952504
T3_301_NH2_SO2H_H_H-L2_216_CHO_H_H-HCB_A-AA,1.245,0.1267571574
T3_301_NH2_CHO_H_H-L2_208_CHO_H_H-HCB_A-AA,1.905,0.1359956705
T3_301_NH2_EPO_H_H-L2_205_CHO_H_H-HCB_A-AA,2.461,0.2592775083
T3_301_NH2_NO_H_H-L2_209_CHO_H_H-HCB_A-AA,2.071,0.1706957863
