S4_CLS-PORP_H_H_COOH-L2_CLS-207_H_H_NH2_-SQL_A,3.62890625
S4_CLS-PORP_H_H_Cl-L2_CLS-205_H_H_Cl_-SQL_A,3.021484375
S4_CLS-PORP_H_H_NH2-L2_CLS-210_H_H_CHO_-SQL_A,3.298828125
S4_CLS-PTCA_H_H_NH2-L2_CLS-210_H_H_CHO_-SQL_A,3.5390625
S4_CLS-PTCA_H_H_NHOH-L2_CLS-209_H_H_CHO_-SQL_A,3.095703125
T3_CLS-301_H_H_Cl-L2_CLS-203_H_H_Cl_-HCB_A,3.017578125
T3_CLS-301_H_H_NH2-L2_CLS-201_H_H_CHO_-HCB_A,3.123046875
T3_CLS-301_H_H_NH2-L2_CLS-205_H_H_COOH_-HCB_A,4.23828125
T3_CLS-301_I_H_Cl-L2_CLS-208-208_H_Cl_-HCB_A,3.96484375
T3_CLS-303_H_H_CHO-L2_CLS-207_H_H_NH2_-HCB_A,5.28125
T3_CLS-303_H_H_NH2-L2_CLS-205_H_H_COOH_-HCB_A,4.390625
T3_CLS-305-206_H_CHO-L2_CLS-206_H_H_NHOH_-HCB_A,2.7265625
T3_CLS-306_H_H_CHO-L2_CLS-204-210_H_NHOH_-HCB_A,4.5546875
T3_CLS-306_H_H_CHO-L2_CLS-208-208_H_NHOH_-HCB_A,7.24609375
T3_CLS-306_H_H_Cl-L2_CLS-202_H_H_Cl_-HCB_A,3.833984375
T3_CLS-307_H_H_COOH-L2_CLS-205_H_H_NH2_-HCB_A,4.75390625
T3_CLS-307_H_H_COOH-L2_CLS-207_H_H_NH2_-HCB_A,8.8828125
T3_CLS-308_SO2H_H_CHO-L2_CLS-204-210_H_NHOH_-HCB_A,4.515625
T3_CLS-308_SO2H_H_CHO-L2_CLS-208-208_H_NHOH_-HCB_A,4.65625
T3_CLS-309-205_H_CHO-L2_CLS-202_H_H_NHOH_-HCB_A,3.923828125
T3_CLS-309-205_I_COOH-L2_CLS-207_NO2_H_NH2_-HCB_A,9.0234375
T3_CLS-310-207_H_CHO-L2_CLS-210_H_H_NHOH_-HCB_A,7.44921875
H6_CLS-BENZ6-207_H_COOH-T3_CLS-307_H_H_NH2_-KGD,5.078125
S4_CLS-PORP_H_H_NH2-L2_CLS-205_H_H_COOH_-SQL_A,2.634765625
S4_CLS-PTCA_H_H_Cl-L2_CLS-207_H_H_Cl_-SQL_A,4.31640625
S4_CLS-PTCA_H_H_Cl-L2_CLS-208-205_H_Cl_-SQL_A,4.32421875
T3_CLS-301_Br_H_Cl-L2_CLS-210_H_H_Cl_-HCB_A,7.75
T3_CLS-301_H_H_CHO-L2_CLS-202_H_H_NH2_-HCB_A,4.87890625
T3_CLS-301_H_H_CHO-L2_CLS-207_H_F_NH2_-HCB_A,2.841796875
T3_CLS-301_H_H_COOH-L2_CLS-202_H_H_NH2_-HCB_A,3.677734375
T3_CLS-301_H_H_COOH-L2_CLS-209_H_H_NH2_-HCB_A,4.234375
T3_CLS-301_H_H_Cl-L2_CLS-208-205_H_Cl_-HCB_A,17.53125
T3_CLS-301_H_H_NH2-L2_CLS-205_COOH_H_CHO_-HCB_A,3.412109375
T3_CLS-301_H_H_NH2-L2_CLS-207_H_H_CHO_-HCB_A,4.13671875
T3_CLS-303_H_CHS_CHO-L2_CLS-205_H_H_NH2_-HCB_A,3.29296875
T3_CLS-303_H_H_COOH-L2_CLS-201_H_H_NH2_-HCB_A,5.41015625
T3_CLS-303_H_H_COOH-L2_CLS-204-206_H_NH2_-HCB_A,20.484375
T3_CLS-303_H_H_COOH-L2_CLS-205_H_H_NH2_-HCB_A,4.49609375
T3_CLS-305-208_F_NH2-L2_CLS-207_H_H_COOH_-HCB_A,4.62109375
T3_CLS-306_H_H_CHO-L2_CLS-205_H_H_NH2_-HCB_A,4.625
T3_CLS-306_H_H_COOH-L2_CLS-202_SO2H_H_NH2_-HCB_A,4.65234375
T3_CLS-306_H_H_Cl-L2_CLS-205_H_H_Cl_-HCB_A,4.234375
T3_CLS-306_H_H_Cl-L2_CLS-207_H_H_Cl_-HCB_A,3.591796875
T3_CLS-306_SH_H_NH2-L2_CLS-207_H_H_COOH_-HCB_A,3.57421875
T3_CLS-306_SH_H_NH2-L2_CLS-210_H_H_COOH_-HCB_A,4.41015625
T3_CLS-307_H_H_COOH-L2_CLS-202_H_H_NH2_-HCB_A,3.501953125
T3_CLS-307_H_H_COOH-L2_CLS-206_H_H_NH2_-HCB_A,4.796875
T3_CLS-307_H_H_COOH-L2_CLS-209_H_H_NH2_-HCB_A,4.37890625
T3_CLS-307_H_H_Cl-L2_CLS-208-210_H_Cl_-HCB_A,19.625
T3_CLS-307_H_H_Cl-L2_CLS-210_H_H_Cl_-HCB_A,4.70703125
T3_CLS-307_H_H_NH2-L2_CLS-210_SO2H_H_CHO_-HCB_A,5.36328125
T3_CLS-308_H_H_Cl-L2_CLS-207_H_H_Cl_-HCB_A,2.533203125
T3_CLS-308_H_H_Cl-L2_CLS-207_OH_NO2_Cl_-HCB_A,11.21875
T3_CLS-309-205_H_Cl-L2_CLS-207_H_H_Cl_-HCB_A,4.10546875
T3_CLS-309-207_Cl_CHO-L2_CLS-206_H_H_NH2_-HCB_A,6.43359375
T3_CLS-309-207_Cl_CHO-L2_CLS-207_F_H_NHOH_-HCB_A,4.4453125
T3_CLS-309-207_H_COOH-L2_CLS-207_H_H_NH2_-HCB_A,5.61328125
T3_CLS-309-207_H_NHOH-L2_CLS-208-210_H_CHO_-HCB_A,5.75
T3_CLS-310-208_H_Cl-L2_CLS-205_H_H_Cl_-HCB_A,4.16015625
T3_CLS-310-208_H_Cl-L2_CLS-208-203_H_Cl_-HCB_A,4.3125
T3_CLS-310-210_H_NH2-L2_CLS-207_H_H_COOH_-HCB_A,7.89453125
T3_CLS-310-210_H_NH2-L2_CLS-210_H_H_COOH_-HCB_A,4.203125
H6_CLS-BENZ6-210_H_NH2-L2_CLS-207_H_H_CHO_-HXL_A,5.21484375
S4_CLS-PORP_H_H_Cl-L2_CLS-207_H_H_Cl_-SQL_A,2.298828125
S4_CLS-PORP_H_SO2H_CHO-L2_CLS-206_H_H_NH2_-SQL_A,10.3203125
S4_CLS-PORP_H_SO2H_CHO-L2_CLS-207_H_H_NH2_-SQL_A,5.33984375
S4_CLS-PTCA_F_H_Cl-L2_CLS-205_H_H_Cl_-SQL_A,3.638671875
S4_CLS-PTCA_F_H_Cl-L2_CLS-207_H_H_Cl_-SQL_A,2.81640625
S4_CLS-PTCA_H_H_CHO-L2_CLS-207_NH2_H_NH2_-SQL_A,2.890625
S4_CLS-PTCA_H_H_Cl-L2_CLS-205_COOH_H_Cl_-SQL_A,3.103515625
T3_CLS-301_Br_H_COOH-L2_CLS-206_H_H_NH2_-HCB_A,3.287109375
T3_CLS-301_Br_H_COOH-L2_CLS-207_H_H_NH2_-HCB_A,3.953125
T3_CLS-301_Cl_H_NH2-L2_CLS-207_H_H_CHO_-HCB_A,3.931640625
T3_CLS-301_H_H_Cl-L2_CLS-208-210_H_Cl_-HCB_A,6.1328125
T3_CLS-301_H_H_NH2-L2_CLS-209_H_H_COOH_-HCB_A,5.3515625
T3_CLS-303_EPO_H_NH2-L2_CLS-207_H_H_COOH_-HCB_A,4.3203125
T3_CLS-303_H_H_CHO-L2_CLS-202_H_H_NH2_-HCB_A,4.5078125
T3_CLS-303_H_H_CHO-L2_CLS-208-207_H_NH2_-HCB_A,4.34765625
T3_CLS-303_H_H_COOH-L2_CLS-208-202_H_NH2_-HCB_A,9.3984375
T3_CLS-303_H_H_Cl-L2_CLS-207_OCOCH3_H_Cl_-HCB_A,4.8046875
T3_CLS-303_H_H_Cl-L2_CLS-210_H_H_Cl_-HCB_A,9.234375
T3_CLS-303_H_H_NH2-L2_CLS-207_H_H_COOH_-HCB_A,6.7734375
T3_CLS-303_H_H_NH2-L2_CLS-208-205_H_COOH_-HCB_A,19.640625
T3_CLS-303_H_H_NH2-L2_CLS-208-210_H_COOH_-HCB_A,10.03125
T3_CLS-303_H_NH2_COOH-L2_CLS-207_H_H_NH2_-HCB_A,8.7578125
T3_CLS-305-210_H_Cl-L2_CLS-205_COOH_H_Cl_-HCB_A,4.42578125
T3_CLS-306_H_H_Cl-L2_CLS-207_OCOCH3_H_Cl_-HCB_A,4.390625
T3_CLS-306_H_H_Cl-L2_CLS-210_H_H_Cl_-HCB_A,4.3671875
T3_CLS-306_H_H_NH2-L2_CLS-207_H_H_CHO_-HCB_A,4.75
T3_CLS-306_H_H_NH2-L2_CLS-207_H_H_COOH_-HCB_A,4.02734375
T3_CLS-307_F_H_COOH-L2_CLS-204-207_H_NH2_-HCB_A,7.87890625
T3_CLS-307_F_H_COOH-L2_CLS-205_H_H_NH2_-HCB_A,4.0234375
T3_CLS-307_F_H_COOH-L2_CLS-207_H_H_NH2_-HCB_A,7.13671875
T3_CLS-307_H_Cl_NH2-L2_CLS-207_H_H_COOH_-HCB_A,4.5
T3_CLS-307_H_H_CHO-L2_CLS-205_H_H_NH2_-HCB_A,3.451171875
T3_CLS-307_H_H_CHO-L2_CLS-207_H_H_NH2_-HCB_A,4.5546875
T3_CLS-307_H_H_COOH-L2_CLS-203_H_H_NH2_-HCB_A,9.015625
T3_CLS-307_H_H_COOH-L2_CLS-207_H_SH_NH2_-HCB_A,4.41015625
T3_CLS-307_H_H_COOH-L2_CLS-208-206_H_NH2_-HCB_A,4.41796875
T3_CLS-307_H_H_NH2-L2_CLS-207_H_H_COOH_-HCB_A,4.46484375
T3_CLS-307_H_H_NH2-L2_CLS-208-210_H_CHO_-HCB_A,4.2734375
T3_CLS-307_H_H_NH2-L2_CLS-210_H_H_CHO_-HCB_A,4.31640625
T3_CLS-308_H_H_NH2-L2_CLS-204-210_H_CHO_-HCB_A,4.0078125
T3_CLS-308_H_H_NH2-L2_CLS-208-209_H_COOH_-HCB_A,4.546875
T3_CLS-309-202_H_COOH-L2_CLS-207_NH2_H_NH2_-HCB_A,7.13671875
T3_CLS-309-207_H_COOH-L2_CLS-205_H_SH_NH2_-HCB_A,4.16796875
T3_CLS-309-210_H_Cl-L2_CLS-207_H_H_Cl_-HCB_A,3.16796875
T3_CLS-310-202_H_Cl-L2_CLS-210_H_H_Cl_-HCB_A,3.673828125
T3_CLS-310-202_OCOCH3_COOH-L2_CLS-202_H_Cl_NH2_-HCB_A,4.39453125
T3_CLS-310-202_OCOCH3_COOH-L2_CLS-203_H_H_NH2_-HCB_A,4.5078125
T3_CLS-310-207_H_NH2-L2_CLS-201_H_H_COOH_-HCB_A,4.6875
T3_CLS-310-207_H_NH2-L2_CLS-204-210_H_CHO_-HCB_A,6.15234375
T3_CLS-310-207_H_NH2-L2_CLS-208-205_H_COOH_-HCB_A,7.015625
T3_CLS-310-207_H_NH2-L2_CLS-208-209_H_COOH_-HCB_A,5.79296875
H6_CLS-BENZ6-207_H_COOH-L2_CLS-205_H_H_NH2_-HXL_A,3.216796875
H6_CLS-BENZ6-207_H_COOH-T3_CLS-303_H_NH2_NH2_-KGD,5.7890625
S4_CLS-PORP_H_H_Cl-L2_CLS-206_H_H_Cl_-SQL_A,4.1640625
S4_CLS-PORP_H_H_Cl-L2_CLS-208-204_H_Cl_-SQL_A,4.1640625
S4_CLS-PORP_H_H_NH2-L2_CLS-208-205_H_COOH_-SQL_A,3.732421875
S4_CLS-PORP_H_H_NH2-L2_CLS-208-207_H_COOH_-SQL_A,3.681640625
S4_CLS-PTCA_H_H_NH2-L2_CLS-205_H_H_COOH_-SQL_A,4.23046875
S4_CLS-PTCA_H_H_NH2-L2_CLS-208-202_H_COOH_-SQL_A,3.96484375
T3_CLS-301_H_H_COOH-L2_CLS-208-202_H_NH2_-HCB_A,4.265625
T3_CLS-301_H_H_COOH-L2_CLS-208-208_H_NH2_-HCB_A,4.390625
T3_CLS-301_H_H_NH2-L2_CLS-207_Cl_H_CHO_-HCB_A,4.63671875
T3_CLS-301_H_H_NH2-L2_CLS-207_H_H_COOH_-HCB_A,3.806640625
T3_CLS-303_H_H_CHO-L2_CLS-208-208_H_NH2_-HCB_A,4.8046875
T3_CLS-303_H_H_COOH-L2_CLS-204-210_H_NH2_-HCB_A,3.716796875
T3_CLS-303_H_H_COOH-L2_CLS-205_COOH_H_NH2_-HCB_A,4.76953125
T3_CLS-303_H_H_COOH-L2_CLS-205_F_Cl_NH2_-HCB_A,4.35546875
T3_CLS-303_H_H_COOH-L2_CLS-208-208_H_NH2_-HCB_A,4.23046875
T3_CLS-303_H_H_COOH-L2_CLS-208-210_H_NH2_-HCB_A,5.80859375
T3_CLS-303_H_H_COOH-L2_CLS-210_H_H_NH2_-HCB_A,4.66796875
T3_CLS-303_H_H_Cl-L2_CLS-202_H_H_Cl_-HCB_A,3.826171875
T3_CLS-303_H_H_Cl-L2_CLS-203_H_H_Cl_-HCB_A,3.447265625
T3_CLS-303_H_H_Cl-L2_CLS-206_H_H_Cl_-HCB_A,4.2421875
T3_CLS-303_H_H_Cl-L2_CLS-207_H_H_Cl_-HCB_A,3.6640625
T3_CLS-303_H_H_Cl-L2_CLS-209_H_SO2H_Cl_-HCB_A,4.5078125
T3_CLS-303_H_H_NH2-L2_CLS-204-210_H_CHO_-HCB_A,5.87890625
T3_CLS-303_H_H_NH2-L2_CLS-208-208_H_COOH_-HCB_A,7.5078125
T3_CLS-306_Cl_H_NH2-L2_CLS-205_H_H_COOH_-HCB_A,3.328125
T3_CLS-306_H_H_NH2-L2_CLS-206_H_H_CHO_-HCB_A,4.7109375
T3_CLS-306_NH2_Cl_NH2-L2_CLS-205_H_H_COOH_-HCB_A,6.296875
T3_CLS-306_NH2_Cl_NH2-L2_CLS-207_COOH_CHO_CHO_-HCB_A,5.21875
T3_CLS-307_F_H_CHO-L2_CLS-207_H_H_NH2_-HCB_A,7.640625
T3_CLS-307_H_Cl_COOH-L2_CLS-208-206_H_NH2_-HCB_A,5.6796875
T3_CLS-307_H_H_CHO-L2_CLS-207_H_H_NHOH_-HCB_A,8.265625
T3_CLS-307_H_H_COOH-L2_CLS-204-208_H_NH2_-HCB_A,4.91796875
T3_CLS-307_H_H_Cl-L2_CLS-207_H_CHS_Cl_-HCB_A,3.568359375
T3_CLS-307_H_H_Cl-L2_CLS-208-208_COOH_Cl_-HCB_A,4.05078125
T3_CLS-307_H_H_Cl-L2_CLS-208-208_H_Cl_-HCB_A,4.34375
T3_CLS-307_H_H_NH2-L2_CLS-204-210_H_CHO_-HCB_A,4.3984375
T3_CLS-307_H_H_NH2-L2_CLS-206_H_H_CHO_-HCB_A,3.91796875
T3_CLS-307_H_H_NH2-L2_CLS-208-207_H_CHO_-HCB_A,4.28125
T3_CLS-307_NO_H_NH2-L2_CLS-207_H_H_COOH_-HCB_A,4.9921875
T3_CLS-308_H_H_Cl-L2_CLS-204-208_H_Cl_-HCB_A,4.203125
T3_CLS-308_H_H_Cl-L2_CLS-208-202_H_Cl_-HCB_A,4.1484375
T3_CLS-308_H_H_NH2-L2_CLS-208-208_H_COOH_-HCB_A,4.28125
T3_CLS-309-207_H_COOH-L2_CLS-208-207_H_NH2_-HCB_A,5.953125
T3_CLS-309-207_H_Cl-L2_CLS-208-208_H_Cl_-HCB_A,3.115234375
T3_CLS-309-208_H_COOH-L2_CLS-203_H_H_NH2_-HCB_A,4.26953125
T3_CLS-309-210_SO2H_CHO-L2_CLS-207_H_H_NH2_-HCB_A,4.42578125
T3_CLS-310-202_H_COOH-L2_CLS-203_H_H_NH2_-HCB_A,4.13671875
T3_CLS-310-202_NH2_Cl-L2_CLS-210_H_H_Cl_-HCB_A,4.43359375
T3_CLS-310-205_SO2H_CHO-L2_CLS-207_H_H_NH2_-HCB_A,4.41015625
T3_CLS-310-207_H_Cl-L2_CLS-207_H_CHS_Cl_-HCB_A,5.9296875
T3_CLS-310-208_H_NH2-L2_CLS-208-205_H_COOH_-HCB_A,5.13671875
H6_CLS-BENZ6-208_Cl_COOH-L2_CLS-203_NH2_H_NH2_-HXL_A,4.40625
H6_CLS-BENZ6-208_Cl_COOH-L2_CLS-208-208_H_NH2_-HXL_A,4.33984375
H6_CLS-BENZ6-208_H_COOH-L2_CLS-208-204_F_NH2_-HXL_A,4.39453125
H6_CLS-BENZ6-208_H_COOH-L2_CLS-208-210_H_NH2_-HXL_A,9.2421875
H6_CLS-BENZ6-208_H_COOH-T3_CLS-307_H_H_NH2_-KGD,4.16796875
S4_CLS-PORP_H_H_Cl-L2_CLS-208-208_H_Cl_-SQL_A,2.892578125
S4_CLS-PORP_H_H_NH2-L2_CLS-208-210_H_COOH_-SQL_A,3.61328125
S4_CLS-PTCA_H_H_NH2-L2_CLS-208-208_H_COOH_-SQL_A,4.3515625
T3_CLS-301_H_F_COOH-L2_CLS-208-207_H_NH2_-HCB_A,5.265625
T3_CLS-301_H_H_COOH-L2_CLS-204-208_H_NH2_-HCB_A,4.54296875
T3_CLS-301_H_H_COOH-L2_CLS-208-208_F_NH2_-HCB_A,4.296875
T3_CLS-303_COOH_H_Cl-L2_CLS-207_H_H_Cl_-HCB_A,4.36328125
T3_CLS-303_COOH_H_Cl-L2_CLS-210_H_NH2_Cl_-HCB_A,5.28515625
T3_CLS-303_Cl_H_COOH-L2_CLS-204-210_H_NH2_-HCB_A,4.3828125
T3_CLS-303_H_COOH_NH2-L2_CLS-208-208_NH2_COOH_-HCB_A,4.453125
T3_CLS-303_H_EPO_COOH-L2_CLS-203_NH2_H_NH2_-HCB_A,4.66796875
T3_CLS-303_H_EPO_COOH-L2_CLS-208-208_H_NH2_-HCB_A,19.046875
T3_CLS-303_H_F_NH2-L2_CLS-208-208_H_CHO_-HCB_A,4.35546875
T3_CLS-303_H_H_COOH-L2_CLS-207_H_H_NH2_-HCB_A,5.09765625
T3_CLS-303_H_H_COOH-L2_CLS-208-202_CH3_NH2_-HCB_A,15.71875
T3_CLS-303_H_H_Cl-L2_CLS-202_H_SH_Cl_-HCB_A,4.40625
T3_CLS-303_H_H_NH2-L2_CLS-208-208_CHO_COOH_-HCB_A,6.40625
T3_CLS-303_H_H_NH2-L2_CLS-208-208_H_CHO_-HCB_A,5.06640625
T3_CLS-303_H_H_NH2-L2_CLS-208-209_H_COOH_-HCB_A,7.49609375
T3_CLS-303_H_NO2_COOH-L2_CLS-208-204_H_NH2_-HCB_A,6.58203125
T3_CLS-306_H_H_COOH-L2_CLS-208-206_H_NH2_-HCB_A,6.91015625
T3_CLS-306_H_H_NH2-L2_CLS-208-208_CHO_CHO_-HCB_A,4.60546875
T3_CLS-307_COOH_H_COOH-L2_CLS-207_H_H_NH2_-HCB_A,5.765625
T3_CLS-307_COOH_H_COOH-L2_CLS-208-208_H_NH2_-HCB_A,4.23828125
T3_CLS-307_H_COOH_COOH-L2_CLS-208-203_H_NH2_-HCB_A,4.44140625
T3_CLS-307_H_Cl_COOH-L2_CLS-208-208_H_NH2_-HCB_A,4.20703125
T3_CLS-307_H_F_NH2-L2_CLS-208-209_H_COOH_-HCB_A,4.46484375
T3_CLS-307_H_H_CHO-L2_CLS-208-204_F_NH2_-HCB_A,4.40625
T3_CLS-307_H_H_CHO-L2_CLS-208-204_H_NH2_-HCB_A,4.35546875
T3_CLS-307_H_H_CHO-L2_CLS-208-207_H_NHOH_-HCB_A,5.0
T3_CLS-307_H_H_CHO-L2_CLS-208-208_F_NH2_-HCB_A,4.7734375
T3_CLS-307_H_H_CHO-L2_CLS-208-210_H_NH2_-HCB_A,9.2578125
T3_CLS-307_H_H_COOH-L2_CLS-203_H_NO2_NH2_-HCB_A,5.16015625
T3_CLS-307_H_H_COOH-L2_CLS-206_H_NH2_NH2_-HCB_A,5.25
T3_CLS-307_H_H_COOH-L2_CLS-208-203_H_NH2_-HCB_A,5.59765625
T3_CLS-307_H_H_COOH-L2_CLS-208-204_H_NH2_-HCB_A,4.34375
T3_CLS-307_H_H_COOH-L2_CLS-208-207_H_NH2_-HCB_A,5.1015625
T3_CLS-307_H_H_COOH-L2_CLS-208-208_F_NH2_-HCB_A,4.21484375
T3_CLS-307_H_H_COOH-L2_CLS-208-209_CHS_NH2_-HCB_A,4.50390625
T3_CLS-307_H_H_COOH-L2_CLS-210_H_H_NH2_-HCB_A,4.3984375
T3_CLS-307_H_H_Cl-L2_CLS-204-207_H_Cl_-HCB_A,3.9765625
T3_CLS-307_H_H_Cl-L2_CLS-207_H_H_Cl_-HCB_A,3.93359375
T3_CLS-307_H_H_NH2-L2_CLS-201_H_H_COOH_-HCB_A,5.55859375
T3_CLS-307_H_H_NH2-L2_CLS-208-202_H_COOH_-HCB_A,4.29296875
T3_CLS-307_H_H_NH2-L2_CLS-208-204_H_COOH_-HCB_A,4.4921875
T3_CLS-307_H_H_NH2-L2_CLS-208-207_H_COOH_-HCB_A,5.51953125
T3_CLS-307_H_H_NH2-L2_CLS-208-208_CHO_CHO_-HCB_A,4.31640625
T3_CLS-307_H_H_NH2-L2_CLS-208-208_H_CHO_-HCB_A,4.36328125
T3_CLS-307_H_H_NH2-L2_CLS-208-208_NH2_COOH_-HCB_A,4.515625
T3_CLS-307_H_H_NH2-L2_CLS-208-208_SO2H_COOH_-HCB_A,4.23828125
T3_CLS-307_H_H_NH2-L2_CLS-208-209_H_CHO_-HCB_A,4.3828125
T3_CLS-307_H_NO2_Cl-L2_CLS-208-208_H_Cl_-HCB_A,4.41796875
T3_CLS-307_OH_COOH_NH2-L2_CLS-208-208_H_COOH_-HCB_A,4.9609375
T3_CLS-308_H_H_CHO-L2_CLS-207_H_H_NH2_-HCB_A,4.5546875
T3_CLS-308_H_H_CHO-L2_CLS-208-210_H_NH2_-HCB_A,4.234375
T3_CLS-310-202_H_COOH-L2_CLS-203_H_NO2_NH2_-HCB_A,5.04296875
T3_CLS-310-202_H_COOH-L2_CLS-208-209_CHS_NH2_-HCB_A,6.7265625
H6_CLS-BENZ6-208_H_CHO-L2_CLS-202_Cl_H_NH2_-HXL_A,9.25
H6_CLS-BENZ6-208_H_COOH-L2_CLS-210_H_H_NH2_-HXL_A,6.37109375
H6_CLS-BENZ6-208_H_COOH-T3_CLS-303_H_H_NH2_-KGD,4.09765625
H6_CLS-BENZ6-210_H_COOH-L2_CLS-208-208_F_NH2_-HXL_A,4.328125
H6_CLS-BENZ6-210_H_COOH-T3_CLS-307_H_H_NH2_-KGD,3.701171875
H6_CLS-BENZ6-210_H_Cl-T3_CLS-308_H_H_Cl_-KGD,3.162109375
S4_CLS-PTCA_H_H_COOH-L2_CLS-203_H_H_NH2_-SQL_A,4.10546875
S4_CLS-PTCA_H_H_COOH-L2_CLS-208-210_CHS_NH2_-SQL_A,4.328125
S4_CLS-PTCA_H_H_NH2-L2_CLS-208-210_H_COOH_-SQL_A,4.34375
S4_CLS-PTCA_H_H_NH2-L2_CLS-210_H_H_COOH_-SQL_A,4.375
T3_CLS-303_H_COOH_COOH-L2_CLS-208-202_H_NH2_-HCB_A,4.3046875
T3_CLS-303_H_COOH_COOH-L2_CLS-208-208_H_NH2_-HCB_A,4.24609375
T3_CLS-303_H_EPO_COOH-L2_CLS-207_H_H_NH2_-HCB_A,17.625
T3_CLS-303_H_H_CHO-L2_CLS-204-208_H_NH2_-HCB_A,4.37109375
T3_CLS-303_H_H_COOH-L2_CLS-203_H_H_NH2_-HCB_A,6.39453125
T3_CLS-303_H_H_COOH-L2_CLS-203_NH2_H_NH2_-HCB_A,8.5546875
T3_CLS-303_H_H_COOH-L2_CLS-208-204_H_NH2_-HCB_A,5.4453125
T3_CLS-303_H_H_COOH-L2_CLS-208-208_COOH_NH2_-HCB_A,4.3125
T3_CLS-303_H_H_COOH-L2_CLS-208-208_EPO_NH2_-HCB_A,5.80859375
T3_CLS-303_H_H_COOH-L2_CLS-208-209_H_NH2_-HCB_A,6.1796875
T3_CLS-303_H_H_COOH-L2_CLS-210_Cl_H_NH2_-HCB_A,3.98828125
T3_CLS-303_H_H_COOH-L2_CLS-210_H_NO2_NH2_-HCB_A,4.4609375
T3_CLS-303_H_H_NH2-L2_CLS-204-208_H_COOH_-HCB_A,4.25
T3_CLS-303_H_H_NH2-L2_CLS-204-210_H_COOH_-HCB_A,7.5859375
T3_CLS-303_H_H_NH2-L2_CLS-208-210_H_CHO_-HCB_A,5.32421875
T3_CLS-303_H_H_NH2-L2_CLS-210_H_H_CHO_-HCB_A,8.8046875
T3_CLS-303_NH2_NH2_COOH-L2_CLS-208-202_H_NH2_-HCB_A,4.09765625
T3_CLS-303_SO2H_H_COOH-L2_CLS-210_H_H_NH2_-HCB_A,4.4140625
T3_CLS-305-208_H_NH2-L2_CLS-208-208_H_CHO_-HCB_A,4.98828125
T3_CLS-307_F_H_NH2-L2_CLS-208-203_H_COOH_-HCB_A,5.89453125
T3_CLS-307_H_H_CHO-L2_CLS-210_H_H_NH2_-HCB_A,3.798828125
T3_CLS-307_H_H_COOH-L2_CLS-208-202_H_NH2_-HCB_A,4.51171875
T3_CLS-307_H_H_COOH-L2_CLS-208-208_H_NH2_-HCB_A,5.5859375
T3_CLS-307_H_H_COOH-L2_CLS-208-208_NH2_NH2_-HCB_A,4.33203125
T3_CLS-307_H_H_COOH-L2_CLS-208-210_H_NH2_-HCB_A,4.6796875
T3_CLS-307_H_H_COOH-L2_CLS-209_H_NO2_NH2_-HCB_A,7.67578125
T3_CLS-307_H_H_NH2-L2_CLS-202_H_NH2_COOH_-HCB_A,4.0625
T3_CLS-307_H_H_NH2-L2_CLS-204-210_H_COOH_-HCB_A,3.9296875
T3_CLS-307_H_H_NH2-L2_CLS-208-208_H_COOH_-HCB_A,4.3203125
T3_CLS-307_H_H_NH2-L2_CLS-208-208_NO2_COOH_-HCB_A,4.484375
T3_CLS-307_H_H_NH2-L2_CLS-208-210_H_COOH_-HCB_A,4.23828125
T3_CLS-310-208_H_NH2-L2_CLS-208-208_H_COOH_-HCB_A,4.5546875
H6_CLS-BENZ6-208_H_CHO-L2_CLS-204-208_H_NH2_-HXL_A,8.5546875
H6_CLS-BENZ6-208_H_CHO-T3_CLS-309-208_H_NH2_-KGD,4.30859375
H6_CLS-BENZ6-208_H_COOH-L2_CLS-210_H_COOH_NH2_-HXL_A,4.109375
H6_CLS-BENZ6-208_H_COOH-T3_CLS-303_COOH_H_NH2_-KGD,4.44140625
H6_CLS-BENZ6-210_H_COOH-L2_CLS-208-209_H_NH2_-HXL_A,5.5078125
H6_CLS-BENZ6-210_H_Cl-T3_CLS-308_H_COOH_Cl_-KGD,3.494140625
S4_CLS-PORP_Cl_H_NH2-L2_CLS-208-208_H_COOH_-SQL_A,3.638671875
S4_CLS-PTCA_H_H_COOH-L2_CLS-207_H_H_NH2_-SQL_A,4.328125
S4_CLS-PTCA_H_H_COOH-L2_CLS-208-208_H_NH2_-SQL_A,4.32421875
T3_CLS-303_COOH_H_NH2-L2_CLS-208-208_EPO_COOH_-HCB_A,7.28515625
T3_CLS-303_COOH_H_NH2-L2_CLS-208-208_H_CHO_-HCB_A,4.1171875
T3_CLS-303_COOH_H_NH2-L2_CLS-208-208_H_COOH_-HCB_A,5.12109375
T3_CLS-303_COOH_H_NH2-L2_CLS-208-210_H_COOH_-HCB_A,4.05859375
T3_CLS-303_COOH_H_NH2-L2_CLS-210_H_H_COOH_-HCB_A,3.951171875
T3_CLS-303_H_COOH_NH2-L2_CLS-208-208_H_COOH_-HCB_A,3.919921875
T3_CLS-303_H_H_CHO-L2_CLS-210_H_H_NH2_-HCB_A,4.46875
T3_CLS-303_H_H_COOH-L2_CLS-202_H_H_NH2_-HCB_A,4.4375
T3_CLS-303_H_H_COOH-L2_CLS-204-208_H_NH2_-HCB_A,4.3671875
T3_CLS-303_H_H_NH2-L2_CLS-202_CHS_H_COOH_-HCB_A,9.2109375
T3_CLS-303_H_H_NH2-L2_CLS-208-203_H_COOH_-HCB_A,8.28125
T3_CLS-303_H_H_NH2-L2_CLS-208-208_EPO_COOH_-HCB_A,13.9609375
T3_CLS-303_H_H_NH2-L2_CLS-208-208_NO2_COOH_-HCB_A,4.29296875
T3_CLS-303_H_H_NH2-L2_CLS-210_H_H_COOH_-HCB_A,7.66796875
T3_CLS-303_H_NH2_COOH-L2_CLS-208-208_H_NH2_-HCB_A,4.30078125
T3_CLS-303_H_NH2_COOH-L2_CLS-208-210_H_NH2_-HCB_A,3.8046875
T3_CLS-303_NH2_H_COOH-L2_CLS-210_H_H_NH2_-HCB_A,4.44140625
T3_CLS-307_H_COOH_NH2-L2_CLS-208-208_H_COOH_-HCB_A,4.3828125
T3_CLS-307_H_COOH_NH2-L2_CLS-208-208_NO2_COOH_-HCB_A,4.3046875
T3_CLS-307_H_Cl_COOH-L2_CLS-210_H_H_NH2_-HCB_A,4.31640625
T3_CLS-307_H_H_CHO-L2_CLS-210_H_COOH_NH2_-HCB_A,4.19921875
T3_CLS-307_H_H_COOH-L2_CLS-208-209_H_NH2_-HCB_A,4.36328125
T3_CLS-307_H_H_NH2-L2_CLS-208-203_H_COOH_-HCB_A,4.97265625
T3_CLS-307_H_H_NH2-L2_CLS-208-210_NH2_COOH_-HCB_A,4.8359375
T3_CLS-307_NH2_H_NH2-L2_CLS-208-208_H_COOH_-HCB_A,4.44140625
T3_CLS-307_NH2_H_NH2-L2_CLS-208-210_H_CHO_-HCB_A,4.046875
T3_CLS-307_OH_H_COOH-L2_CLS-204-210_H_NH2_-HCB_A,6.50390625
T3_CLS-307_OH_H_COOH-L2_CLS-208-208_H_NH2_-HCB_A,4.14453125
T3_CLS-307_SO2H_H_COOH-L2_CLS-208-202_H_NH2_-HCB_A,4.20703125
T3_CLS-309-208_H_COOH-L2_CLS-208-210_H_NH2_-HCB_A,4.34765625
T3_CLS-309-208_H_NH2-L2_CLS-208-210_H_COOH_-HCB_A,4.4375
T3_CLS-309-208_H_NH2-L2_CLS-210_H_H_COOH_-HCB_A,4.01953125
H6_CLS-BENZ6-208_H_CHO-T3_CLS-303_H_H_NH2_-KGD,4.4375
H6_CLS-BENZ6-208_H_CHO-T3_CLS-309-208_NH2_NH2_-KGD,4.77734375
H6_CLS-BENZ6-208_H_COOH-L2_CLS-210_COOH_H_NH2_-HXL_A,4.1015625
H6_CLS-BENZ6-208_H_COOH-T3_CLS-307_SO2H_H_NH2_-KGD,4.55859375
H6_CLS-BENZ6-210_H_COOH-L2_CLS-208-202_H_NH2_-HXL_A,3.8515625
H6_CLS-BENZ6-210_H_COOH-L2_CLS-208-210_H_NH2_-HXL_A,4.3828125
H6_CLS-BENZ6-210_H_COOH-T3_CLS-307_SO2H_H_NH2_-KGD,5.625
H6_CLS-BENZ6-210_H_Cl-L2_CLS-210_H_COOH_Cl_-HXL_A,4.80859375
S4_CLS-PORP_H_H_NH2-L2_CLS-208-208_H_COOH_-SQL_A,3.609375
S4_CLS-PORP_H_H_NH2-L2_CLS-210_H_H_COOH_-SQL_A,2.841796875
T3_CLS-303_EPO_COOH_NH2-L2_CLS-208-208_H_COOH_-HCB_A,5.30859375
T3_CLS-303_H_CHS_COOH-L2_CLS-208-208_H_NH2_-HCB_A,4.35546875
T3_CLS-303_H_COOH_COOH-L2_CLS-210_H_H_NH2_-HCB_A,4.52734375
T3_CLS-303_H_H_Cl-L2_CLS-210_H_Cl_Cl_-HCB_A,4.0078125
T3_CLS-303_H_H_NH2-L2_CLS-208-208_COOH_COOH_-HCB_A,4.56640625
T3_CLS-303_H_H_NH2-L2_CLS-208-210_NH2_COOH_-HCB_A,4.671875
T3_CLS-303_H_H_NH2-L2_CLS-210_H_NH2_COOH_-HCB_A,4.73046875
T3_CLS-303_H_NH2_NH2-L2_CLS-208-208_H_COOH_-HCB_A,4.28125
T3_CLS-303_H_NH2_NH2-L2_CLS-210_H_H_COOH_-HCB_A,4.40625
T3_CLS-303_NH2_H_NH2-L2_CLS-202_H_H_COOH_-HCB_A,4.4140625
T3_CLS-303_NH2_H_NH2-L2_CLS-208-202_H_COOH_-HCB_A,5.27734375
T3_CLS-303_NH2_H_NH2-L2_CLS-208-210_H_COOH_-HCB_A,4.453125
T3_CLS-307_CHO_H_COOH-L2_CLS-210_H_H_NH2_-HCB_A,4.49609375
T3_CLS-307_F_H_COOH-L2_CLS-204-202_H_NH2_-HCB_A,3.23828125
T3_CLS-307_F_H_COOH-L2_CLS-204-208_H_NH2_-HCB_A,4.33203125
T3_CLS-307_F_H_COOH-L2_CLS-208-202_H_NH2_-HCB_A,4.390625
T3_CLS-307_F_H_COOH-L2_CLS-208-208_H_NH2_-HCB_A,4.2265625
T3_CLS-307_H_COOH_COOH-L2_CLS-208-208_H_NH2_-HCB_A,4.375
T3_CLS-307_H_H_COOH-L2_CLS-204-207_H_NH2_-HCB_A,9.2109375
T3_CLS-307_H_H_NH2-L2_CLS-202_H_H_COOH_-HCB_A,4.3046875
T3_CLS-307_H_H_NH2-L2_CLS-208-208_EPO_COOH_-HCB_A,4.53125
T3_CLS-307_SO2H_H_NH2-L2_CLS-208-208_H_COOH_-HCB_A,4.515625
T3_CLS-307_SO2H_H_NH2-L2_CLS-208-210_H_COOH_-HCB_A,3.935546875
T3_CLS-308_H_COOH_NH2-L2_CLS-208-207_H_COOH_-HCB_A,4.359375
T3_CLS-308_H_COOH_NH2-L2_CLS-210_H_H_COOH_-HCB_A,3.615234375
T3_CLS-308_H_H_NH2-L2_CLS-208-210_NH2_COOH_-HCB_A,4.49609375
T3_CLS-309-208_NH2_NH2-L2_CLS-207_H_H_COOH_-HCB_A,4.62109375
T3_CLS-309-208_NH2_NH2-L2_CLS-208-210_H_COOH_-HCB_A,4.46484375
T3_CLS-309-208_NH2_NH2-L2_CLS-210_H_NH2_COOH_-HCB_A,5.28515625
H6_CLS-BENZ6-208_H_COOH-L2_CLS-202_H_EPO_NH2_-HXL_A,4.4453125
H6_CLS-BENZ6-208_H_COOH-L2_CLS-208-208_H_NH2_-HXL_A,5.37109375
H6_CLS-BENZ6-208_H_COOH-T3_CLS-307_H_NO2_NH2_-KGD,4.91796875
H6_CLS-BENZ6-208_H_Cl-T3_CLS-307_H_H_Cl_-KGD,4.16796875
H6_CLS-BENZ6-208_H_NH2-L2_CLS-208-208_H_COOH_-HXL_A,9.0859375
H6_CLS-BENZ6-208_H_NH2-T3_CLS-303_H_H_COOH_-KGD,4.42578125
H6_CLS-BENZ6-210_H_COOH-L2_CLS-208-203_H_NH2_-HXL_A,4.03125
H6_CLS-BENZ6-210_H_COOH-L2_CLS-208-207_H_NH2_-HXL_A,3.8984375
H6_CLS-BENZ6-210_H_COOH-L2_CLS-208-208_H_NH2_-HXL_A,4.3671875
H6_CLS-BENZ6-210_H_COOH-T3_CLS-303_H_H_NH2_-KGD,4.37890625
S4_CLS-PTCA_H_H_COOH-L2_CLS-208-203_H_NH2_-SQL_A,3.7734375
S4_CLS-PTCA_H_H_COOH-L2_CLS-208-207_H_NH2_-SQL_A,4.359375
T3_CLS-303_COOH_F_NH2-L2_CLS-208-208_H_COOH_-HCB_A,4.26171875
T3_CLS-303_COOH_H_COOH-L2_CLS-208-208_H_NH2_-HCB_A,4.19140625
T3_CLS-303_COOH_H_COOH-L2_CLS-210_H_H_NH2_-HCB_A,4.57421875
T3_CLS-303_Cl_H_NH2-L2_CLS-208-210_H_COOH_-HCB_A,9.2578125
T3_CLS-303_H_H_COOH-L2_CLS-205_SH_H_NH2_-HCB_A,3.875
T3_CLS-303_H_H_COOH-L2_CLS-208-203_H_NH2_-HCB_A,4.6328125
T3_CLS-303_H_H_COOH-L2_CLS-208-207_H_NH2_-HCB_A,4.69140625
T3_CLS-303_H_H_COOH-L2_CLS-210_H_Cl_NH2_-HCB_A,4.09765625
T3_CLS-303_H_H_NH2-L2_CLS-204-202_H_COOH_-HCB_A,5.62890625
T3_CLS-303_H_H_NH2-L2_CLS-208-202_H_COOH_-HCB_A,19.046875
T3_CLS-303_H_H_NH2-L2_CLS-208-210_Cl_COOH_-HCB_A,7.1015625
T3_CLS-303_H_H_NH2-L2_CLS-209_H_H_COOH_-HCB_A,4.4453125
T3_CLS-303_H_H_NH2-L2_CLS-210_COOH_H_COOH_-HCB_A,4.40625
T3_CLS-303_H_NH2_NH2-L2_CLS-208-210_H_COOH_-HCB_A,4.55859375
T3_CLS-303_NH2_H_COOH-L2_CLS-208-208_H_NH2_-HCB_A,4.49609375
T3_CLS-303_NH2_H_NH2-L2_CLS-208-208_H_COOH_-HCB_A,4.37890625
T3_CLS-303_NH2_H_NH2-L2_CLS-210_H_H_COOH_-HCB_A,4.02734375
T3_CLS-307_CHO_H_COOH-L2_CLS-208-208_H_NH2_-HCB_A,4.18359375
T3_CLS-307_F_H_COOH-L2_CLS-208-210_H_NH2_-HCB_A,4.49609375
T3_CLS-307_F_H_COOH-L2_CLS-210_H_H_NH2_-HCB_A,4.078125
T3_CLS-307_H_H_COOH-L2_CLS-208-208_NO2_NH2_-HCB_A,4.33984375
T3_CLS-307_H_H_NH2-L2_CLS-210_H_H_COOH_-HCB_A,4.18359375
T3_CLS-307_H_NO2_NH2-L2_CLS-208-202_H_COOH_-HCB_A,3.748046875
T3_CLS-309-208_H_COOH-L2_CLS-208-208_H_NH2_-HCB_A,4.30859375
H6_CLS-BENZ6-208_H_COOH-T3_CLS-303_H_EPO_NH2_-KGD,4.87109375
H6_CLS-BENZ6-208_H_NH2-L2_CLS-203_H_H_COOH_-HXL_A,5.7109375
H6_CLS-BENZ6-208_H_NH2-L2_CLS-208-210_H_COOH_-HXL_A,4.8984375
H6_CLS-BENZ6-208_H_NH2-T3_CLS-303_COOH_H_COOH_-KGD,4.08203125
S4_CLS-PTCA_H_COOH_NH2-L2_CLS-208-208_H_COOH_-SQL_A,4.75390625
T3_CLS-303_CHO_H_COOH-L2_CLS-210_H_Cl_NH2_-HCB_A,4.765625
T3_CLS-303_COOH_H_COOH-L2_CLS-204-210_H_NH2_-HCB_A,4.2578125
T3_CLS-303_COOH_NH2_NH2-L2_CLS-208-208_H_CHO_-HCB_A,4.203125
T3_CLS-303_Cl_H_NH2-L2_CLS-208-208_H_COOH_-HCB_A,4.3828125
T3_CLS-303_H_EPO_NH2-L2_CLS-208-208_H_COOH_-HCB_A,4.60546875
T3_CLS-303_H_H_COOH-L2_CLS-208-208_Cl_NH2_-HCB_A,4.3671875
T3_CLS-303_H_H_COOH-L2_CLS-208-210_COOH_NH2_-HCB_A,4.484375
T3_CLS-303_H_H_NH2-L2_CLS-203_H_H_COOH_-HCB_A,4.11328125
T3_CLS-303_H_H_NH2-L2_CLS-207_NH2_H_COOH_-HCB_A,4.58984375
T3_CLS-303_H_H_NH2-L2_CLS-208-202_H_CHO_-HCB_A,20.8125
T3_CLS-303_H_H_NH2-L2_CLS-208-204_NH2_COOH_-HCB_A,4.75
T3_CLS-303_H_H_NH2-L2_CLS-208-206_H_COOH_-HCB_A,9.3046875
T3_CLS-303_H_NH2_NH2-L2_CLS-210_H_Cl_COOH_-HCB_A,5.6484375
T3_CLS-307_H_H_NH2-L2_CLS-208-206_H_COOH_-HCB_A,4.4765625
T3_CLS-307_H_H_NH2-L2_CLS-210_H_NH2_COOH_-HCB_A,8.484375
T3_CLS-307_H_NO2_COOH-L2_CLS-208-208_H_NH2_-HCB_A,4.7578125
T3_CLS-307_OCOCH3_H_COOH-L2_CLS-208-208_H_NH2_-HCB_A,3.994140625
T3_CLS-309-210_H_COOH-L2_CLS-208-208_H_NH2_-HCB_A,4.328125
H6_CLS-BENZ6-207_H_COOH-T3_CLS-303_H_H_NH2_-KGD,5.484375
H6_CLS-BENZ6-208_H_COOH-T3_CLS-303_H_COOH_NH2_-KGD,4.3203125
H6_CLS-BENZ6-208_H_NH2-L2_CLS-202_H_H_COOH_-HXL_A,4.5546875
S4_CLS-PTCA_H_H_COOH-L2_CLS-208-210_H_NH2_-SQL_A,4.34765625
T3_CLS-303_COOH_COOH_COOH-L2_CLS-208-208_COOH_NH2_-HCB_A,4.3125
T3_CLS-303_EPO_H_NH2-L2_CLS-208-210_H_COOH_-HCB_A,7.44140625
T3_CLS-303_H_COOH_NH2-L2_CLS-208-202_H_COOH_-HCB_A,4.11328125
T3_CLS-303_H_H_COOH-L2_CLS-208-202_COOH_NH2_-HCB_A,4.64453125
T3_CLS-303_H_H_Cl-L2_CLS-208-202_H_Cl_-HCB_A,7.12109375
T3_CLS-303_H_H_NH2-L2_CLS-202_H_H_COOH_-HCB_A,3.478515625
T3_CLS-303_H_H_NH2-L2_CLS-206_H_H_COOH_-HCB_A,4.44921875
T3_CLS-303_H_H_NH2-L2_CLS-208-208_NH2_COOH_-HCB_A,4.4765625
T3_CLS-303_H_H_NH2-L2_CLS-210_NH2_H_COOH_-HCB_A,4.1953125
T3_CLS-303_H_H_NH2-L2_CLS-210_NO2_H_COOH_-HCB_A,3.142578125
T3_CLS-303_H_NH2_NH2-L2_CLS-203_H_H_COOH_-HCB_A,12.875
T3_CLS-307_F_H_COOH-L2_CLS-208-202_NO2_NH2_-HCB_A,4.45703125
T3_CLS-307_H_H_COOH-L2_CLS-208-208_COOH_NH2_-HCB_A,4.390625
T3_CLS-308_H_COOH_COOH-L2_CLS-208-202_H_NH2_-HCB_A,4.0625
H6_CLS-BENZ6-210_H_COOH-L2_CLS-208-208_NO2_NH2_-HXL_A,5.2578125
S4_CLS-PTCA_H_H_NH2-L2_CLS-202_NH2_COOH_COOH_-SQL_A,4.8203125
T3_CLS-303_COOH_COOH_COOH-L2_CLS-208-208_H_NH2_-HCB_A,4.171875
T3_CLS-303_COOH_H_COOH-L2_CLS-208-202_Cl_NH2_-HCB_A,4.0390625
T3_CLS-303_Cl_H_COOH-L2_CLS-208-210_H_NH2_-HCB_A,4.46484375
T3_CLS-303_Cl_H_NH2-L2_CLS-208-204_H_COOH_-HCB_A,4.28515625
T3_CLS-303_Cl_H_NH2-L2_CLS-210_H_H_COOH_-HCB_A,6.125
T3_CLS-303_H_COOH_COOH-L2_CLS-208-208_COOH_NH2_-HCB_A,4.43359375
T3_CLS-303_H_H_COOH-L2_CLS-203_H_COOH_NH2_-HCB_A,4.390625
T3_CLS-303_H_H_COOH-L2_CLS-208-208_NH2_NH2_-HCB_A,4.84375
T3_CLS-303_H_H_COOH-L2_CLS-208-210_NO2_NH2_-HCB_A,4.328125
T3_CLS-303_H_H_COOH-L2_CLS-209_H_Cl_NH2_-HCB_A,4.609375
T3_CLS-303_H_H_NH2-L2_CLS-202_NH2_COOH_COOH_-HCB_A,4.484375
T3_CLS-303_H_H_NH2-L2_CLS-204-209_EPO_COOH_-HCB_A,4.32421875
T3_CLS-303_H_NH2_COOH-L2_CLS-202_H_H_NH2_-HCB_A,4.64453125
T3_CLS-303_H_NH2_COOH-L2_CLS-210_H_H_NH2_-HCB_A,4.4140625
T3_CLS-303_H_NH2_NH2-L2_CLS-204-209_EPO_COOH_-HCB_A,4.37109375
T3_CLS-303_H_NO2_COOH-L2_CLS-208-210_H_NH2_-HCB_A,7.75390625
T3_CLS-303_NH2_COOH_NH2-L2_CLS-202_EPO_H_COOH_-HCB_A,4.47265625
T3_CLS-303_NH2_COOH_NH2-L2_CLS-208-208_H_COOH_-HCB_A,4.30078125
T3_CLS-303_NH2_H_COOH-L2_CLS-208-210_H_NH2_-HCB_A,4.140625
T3_CLS-303_NO2_H_COOH-L2_CLS-202_H_H_NH2_-HCB_A,6.3046875
T3_CLS-303_NO2_H_COOH-L2_CLS-210_H_H_NH2_-HCB_A,7.48046875
T3_CLS-303_NO2_H_NH2-L2_CLS-208-210_Cl_COOH_-HCB_A,9.2265625
T3_CLS-303_NO2_H_NH2-L2_CLS-208-210_H_CHO_-HCB_A,4.265625
T3_CLS-305-202_H_NH2-L2_CLS-208-210_H_COOH_-HCB_A,12.7109375
T3_CLS-307_H_H_COOH-L2_CLS-204-202_NH2_NH2_-HCB_A,3.3671875
T3_CLS-307_H_H_COOH-L2_CLS-208-202_Cl_NH2_-HCB_A,4.3046875
T3_CLS-307_H_H_NH2-L2_CLS-202_EPO_H_COOH_-HCB_A,4.91015625
T3_CLS-307_NH2_H_NH2-L2_CLS-208-210_H_COOH_-HCB_A,4.03125
T3_CLS-307_NH2_H_NH2-L2_CLS-210_H_H_COOH_-HCB_A,3.154296875
T3_CLS-310-210_H_NH2-L2_CLS-202_H_H_COOH_-HCB_A,5.4609375
H6_CLS-BENZ6-210_H_NH2-L2_CLS-208-208_H_COOH_-HXL_A,4.67578125
H6_CLS-BENZ6-210_H_NH2-L2_CLS-210_H_H_COOH_-HXL_A,3.36328125
H6_CLS-BENZ6-210_H_NH2-T3_CLS-303_H_H_COOH_-KGD,5.0
T3_CLS-303_COOH_H_COOH-L2_CLS-208-210_H_NH2_-HCB_A,4.31640625
T3_CLS-303_COOH_NO2_COOH-L2_CLS-208-208_H_NH2_-HCB_A,4.21875
T3_CLS-303_COOH_NO2_COOH-L2_CLS-208-210_H_NH2_-HCB_A,4.296875
T3_CLS-303_H_COOH_COOH-L2_CLS-208-210_H_NH2_-HCB_A,4.40625
T3_CLS-303_H_COOH_COOH-L2_CLS-208-210_NO2_NH2_-HCB_A,4.20703125
T3_CLS-303_H_COOH_NH2-L2_CLS-208-210_H_CHO_-HCB_A,4.234375
T3_CLS-303_H_COOH_NH2-L2_CLS-208-210_H_COOH_-HCB_A,4.24609375
T3_CLS-303_H_H_CHO-L2_CLS-208-210_H_NH2_-HCB_A,5.74609375
T3_CLS-303_H_H_COOH-L2_CLS-209_H_H_NH2_-HCB_A,4.22265625
T3_CLS-303_H_H_NH2-L2_CLS-208-210_COOH_CHO_-HCB_A,3.4375
T3_CLS-303_H_H_NH2-L2_CLS-208-210_COOH_COOH_-HCB_A,7.58984375
T3_CLS-303_H_H_NH2-L2_CLS-210_CHO_H_COOH_-HCB_A,4.2421875
T3_CLS-303_H_H_NH2-L2_CLS-210_EPO_NO2_COOH_-HCB_A,5.6484375
T3_CLS-303_H_H_NH2-L2_CLS-210_H_COOH_COOH_-HCB_A,3.919921875
T3_CLS-303_H_NO2_NH2-L2_CLS-207_H_H_COOH_-HCB_A,5.8125
T3_CLS-303_H_NO2_NH2-L2_CLS-208-210_H_CHO_-HCB_A,9.203125
T3_CLS-303_H_NO2_NH2-L2_CLS-208-210_H_COOH_-HCB_A,15.8671875
T3_CLS-303_H_NO2_NH2-L2_CLS-210_H_H_COOH_-HCB_A,7.26953125
T3_CLS-303_H_NO_NH2-L2_CLS-208-210_H_COOH_-HCB_A,18.40625
T3_CLS-303_H_NO_NH2-L2_CLS-210_H_H_COOH_-HCB_A,5.375
T3_CLS-303_NO2_H_COOH-L2_CLS-208-202_H_NH2_-HCB_A,9.2265625
T3_CLS-303_NO2_H_COOH-L2_CLS-208-210_H_NH2_-HCB_A,5.84375
T3_CLS-303_SH_H_NH2-L2_CLS-208-210_H_CHO_-HCB_A,4.34375
T3_CLS-303_COOH_H_COOH-L2_CLS-208-207_Cl_NH2_-HCB_A,4.25
T3_CLS-303_Cl_H_COOH-L2_CLS-208-208_H_NH2_-HCB_A,4.3125
T3_CLS-303_H_COOH_NH2-L2_CLS-208-210_Cl_COOH_-HCB_A,4.3046875
T3_CLS-303_H_Cl_COOH-L2_CLS-208-210_Cl_NH2_-HCB_A,4.42578125
T3_CLS-303_H_EPO_COOH-L2_CLS-208-210_COOH_NH2_-HCB_A,7.515625
T3_CLS-303_H_H_COOH-L2_CLS-202_H_COOH_NH2_-HCB_A,4.0703125
T3_CLS-303_H_H_COOH-L2_CLS-208-210_Cl_NH2_-HCB_A,4.40625
T3_CLS-303_H_H_NH2-L2_CLS-203_EPO_NO2_COOH_-HCB_A,4.31640625
T3_CLS-303_H_H_NH2-L2_CLS-203_NO2_COOH_COOH_-HCB_A,5.28125
T3_CLS-303_H_NO_COOH-L2_CLS-202_H_H_NH2_-HCB_A,4.2890625
T3_CLS-303_H_NO_COOH-L2_CLS-208-210_H_NH2_-HCB_A,5.0625
T3_CLS-303_NO2_CHS_NH2-L2_CLS-208-210_H_COOH_-HCB_A,7.77734375
T3_CLS-303_NO2_H_NH2-L2_CLS-208-210_H_COOH_-HCB_A,9.234375
T3_CLS-307_H_H_COOH-L2_CLS-208-207_Cl_NH2_-HCB_A,8.7109375
T3_CLS-307_H_H_NH2-L2_CLS-208-210_Cl_COOH_-HCB_A,4.3671875
T3_CLS-309-210_H_COOH-L2_CLS-208-210_H_NH2_-HCB_A,7.42578125
T3_CLS-309-210_H_NH2-L2_CLS-203_EPO_NO2_COOH_-HCB_A,9.1171875
T3_CLS-309-210_H_NH2-L2_CLS-210_H_H_COOH_-HCB_A,3.970703125
H6_CLS-BENZ6-210_H_NH2-L2_CLS-208-210_H_COOH_-HXL_A,4.3515625
T3_CLS-303_COOH_H_NH2-L2_CLS-202_Cl_H_COOH_-HCB_A,4.31640625
T3_CLS-303_H_COOH_NH2-L2_CLS-208-210_NH2_COOH_-HCB_A,4.26171875
T3_CLS-303_H_COOH_NH2-L2_CLS-210_H_H_COOH_-HCB_A,4.2421875
T3_CLS-303_H_H_CHO-L2_CLS-208-210_EPO_NH2_-HCB_A,4.8046875
T3_CLS-303_H_H_COOH-L2_CLS-208-210_EPO_NH2_-HCB_A,8.4375
T3_CLS-303_H_H_COOH-L2_CLS-208-210_NH2_NH2_-HCB_A,5.5546875
T3_CLS-303_H_H_NH2-L2_CLS-202_Cl_H_COOH_-HCB_A,4.65625
T3_CLS-303_H_H_NH2-L2_CLS-204-210_NO2_COOH_-HCB_A,4.515625
T3_CLS-303_H_H_NH2-L2_CLS-208-210_NO2_COOH_-HCB_A,6.4921875
T3_CLS-303_H_NH2_NH2-L2_CLS-206_H_H_COOH_-HCB_A,3.65234375
T3_CLS-303_H_NO_Cl-L2_CLS-208-207_H_Cl_-HCB_A,4.0078125
T3_CLS-303_H_SO2H_NH2-L2_CLS-208-210_H_COOH_-HCB_A,4.34765625
T3_CLS-307_H_COOH_NH2-L2_CLS-208-210_NO2_COOH_-HCB_A,5.27734375
T3_CLS-307_H_H_NH2-L2_CLS-208-210_COOH_COOH_-HCB_A,4.35546875
T3_CLS-308_H_H_NH2-L2_CLS-210_H_H_COOH_-HCB_A,3.673828125
T3_CLS-303_COOH_H_COOH-L2_CLS-208-208_Cl_NH2_-HCB_A,4.16015625
T3_CLS-303_EPO_H_COOH-L2_CLS-210_H_H_NH2_-HCB_A,8.4609375
T3_CLS-303_H_H_COOH-L2_CLS-204-203_H_NH2_-HCB_A,4.57421875
T3_CLS-303_H_H_COOH-L2_CLS-204-207_H_NH2_-HCB_A,5.55859375
T3_CLS-303_H_H_COOH-L2_CLS-210_H_COOH_NH2_-HCB_A,3.81640625
T3_CLS-303_H_H_Cl-L2_CLS-208-206_H_Cl_-HCB_A,4.25390625
T3_CLS-303_H_H_NH2-L2_CLS-202_NO2_H_COOH_-HCB_A,4.38671875
T3_CLS-303_NH2_NH2_NH2-L2_CLS-208-210_H_COOH_-HCB_A,4.48046875
T3_CLS-303_NO2_COOH_COOH-L2_CLS-208-210_H_NH2_-HCB_A,4.22265625
T3_CLS-303_NO2_H_COOH-L2_CLS-208-208_NO2_NH2_-HCB_A,5.0546875
T3_CLS-303_NO2_H_NH2-L2_CLS-210_H_EPO_COOH_-HCB_A,5.171875
T3_CLS-307_H_H_NH2-L2_CLS-202_NO2_H_COOH_-HCB_A,4.3515625
H6_CLS-BENZ6-210_COOH_NH2-L2_CLS-208-210_H_COOH_-HXL_A,4.3671875
H6_CLS-BENZ6-210_COOH_NH2-T3_CLS-303_H_H_COOH_-KGD,4.63671875
H6_CLS-BENZ6-210_H_COOH-L2_CLS-208-210_COOH_NH2_-HXL_A,4.3203125
H6_CLS-BENZ6-210_H_COOH-T3_CLS-303_H_EPO_NH2_-KGD,8.8203125
H6_CLS-BENZ6-210_H_NH2-T3_CLS-307_H_H_COOH_-KGD,4.90625
H6_CLS-BENZ6-210_NO2_COOH-L2_CLS-208-210_H_NH2_-HXL_A,4.9375
H6_CLS-BENZ6-210_NO2_COOH-T3_CLS-303_H_H_NH2_-KGD,8.5859375
T3_CLS-303_COOH_H_CHO-L2_CLS-208-210_EPO_NH2_-HCB_A,4.8828125
T3_CLS-303_Cl_H_Cl-L2_CLS-208-208_H_Cl_-HCB_A,3.994140625
T3_CLS-303_EPO_H_COOH-L2_CLS-208-210_H_NH2_-HCB_A,19.09375
T3_CLS-303_H_COOH_NH2-L2_CLS-208-203_H_COOH_-HCB_A,4.23046875
T3_CLS-303_H_EPO_NH2-L2_CLS-204-210_H_COOH_-HCB_A,4.57421875
T3_CLS-303_H_EPO_NH2-L2_CLS-208-210_H_COOH_-HCB_A,12.234375
T3_CLS-303_H_EPO_NH2-L2_CLS-208-210_NO2_COOH_-HCB_A,4.4296875
T3_CLS-303_H_EPO_NH2-L2_CLS-210_H_H_COOH_-HCB_A,4.15625
T3_CLS-303_H_EPO_NH2-L2_CLS-210_H_NH2_CHO_-HCB_A,5.47265625
T3_CLS-303_H_H_COOH-L2_CLS-210_NH2_H_NH2_-HCB_A,4.484375
T3_CLS-303_H_H_NH2-L2_CLS-203_H_COOH_COOH_-HCB_A,4.58984375
T3_CLS-303_H_H_NH2-L2_CLS-210_H_NH2_CHO_-HCB_A,3.96875
T3_CLS-303_H_NO_COOH-L2_CLS-208-210_EPO_NH2_-HCB_A,7.953125
T3_CLS-303_NO2_H_COOH-L2_CLS-208-210_Cl_NH2_-HCB_A,7.08984375
T3_CLS-307_H_COOH_NH2-L2_CLS-208-210_H_COOH_-HCB_A,4.41796875
T3_CLS-310-210_H_COOH-L2_CLS-202_H_H_NH2_-HCB_A,4.0
H6_CLS-BENZ6-210_Cl_COOH-L2_CLS-208-210_H_NH2_-HXL_A,3.888671875
H6_CLS-BENZ6-210_Cl_COOH-T3_CLS-303_H_H_NH2_-KGD,4.94921875
H6_CLS-BENZ6-210_EPO_NH2-L2_CLS-208-210_H_COOH_-HXL_A,4.17578125
H6_CLS-BENZ6-210_EPO_NH2-L2_CLS-210_H_H_COOH_-HXL_A,4.109375
H6_CLS-BENZ6-210_H_NH2-L2_CLS-208-210_Cl_COOH_-HXL_A,4.23828125
H6_CLS-BENZ6-210_H_NH2-T3_CLS-307_F_H_COOH_-KGD,3.80859375
T3_CLS-303_COOH_H_NH2-L2_CLS-208-210_EPO_COOH_-HCB_A,8.09375
T3_CLS-303_H_H_COOH-L2_CLS-203_EPO_H_NH2_-HCB_A,5.58984375
T3_CLS-303_H_H_COOH-L2_CLS-210_H_EPO_NH2_-HCB_A,8.0625
T3_CLS-303_H_H_COOH-L2_CLS-210_NO2_H_NH2_-HCB_A,4.45703125
T3_CLS-303_H_H_Cl-L2_CLS-208-208_H_Cl_-HCB_A,4.3125
T3_CLS-303_H_H_NH2-L2_CLS-208-210_EPO_COOH_-HCB_A,5.48046875
T3_CLS-303_H_NH2_COOH-L2_CLS-210_H_EPO_NH2_-HCB_A,9.484375
T3_CLS-303_NO2_H_COOH-L2_CLS-210_NO2_H_NH2_-HCB_A,4.85546875
T3_CLS-303_NO2_H_NH2-L2_CLS-210_H_H_CHO_-HCB_A,5.97265625
T3_CLS-303_NO2_H_NH2-L2_CLS-210_H_H_COOH_-HCB_A,4.34765625
T3_CLS-307_CN_H_NH2-L2_CLS-208-210_EPO_COOH_-HCB_A,4.07421875
T3_CLS-307_H_H_NH2-L2_CLS-208-210_EPO_COOH_-HCB_A,4.625
H6_CLS-BENZ6-210_H_COOH-T3_CLS-303_NO2_H_NH2_-KGD,4.82421875
H6_CLS-BENZ6-210_H_NH2-L2_CLS-210_Cl_SH_COOH_-HXL_A,4.6484375
H6_CLS-BENZ6-210_H_NH2-T3_CLS-303_H_COOH_COOH_-KGD,4.375
H6_CLS-BENZ6-210_H_NH2-T3_CLS-307_H_Cl_COOH_-KGD,4.79296875
T3_CLS-303_H_EPO_CHO-L2_CLS-208-210_H_NH2_-HCB_A,19.59375
T3_CLS-303_H_H_COOH-L2_CLS-208-210_F_NH2_-HCB_A,4.55078125
T3_CLS-303_H_H_NH2-L2_CLS-210_Cl_SH_COOH_-HCB_A,3.646484375
T3_CLS-303_H_NH2_NH2-L2_CLS-208-210_EPO_COOH_-HCB_A,4.57421875
T3_CLS-307_H_Cl_COOH-L2_CLS-208-210_H_NH2_-HCB_A,4.5546875
H6_CLS-BENZ6-210_COOH_COOH-L2_CLS-202_H_H_NH2_-HXL_A,4.953125
H6_CLS-BENZ6-210_COOH_COOH-T3_CLS-303_H_H_NH2_-KGD,5.03125
H6_CLS-BENZ6-210_H_COOH-T3_CLS-303_EPO_H_NH2_-KGD,8.7421875
H6_CLS-BENZ6-210_H_COOH-T3_CLS-303_H_NO2_NH2_-KGD,3.798828125
H6_CLS-BENZ6-210_H_NH2-L2_CLS-203_H_H_COOH_-HXL_A,4.4375
H6_CLS-BENZ6-210_H_NH2-L2_CLS-204-210_H_COOH_-HXL_A,4.26171875
H6_CLS-BENZ6-210_H_NH2-T3_CLS-303_NO2_H_COOH_-KGD,8.3515625
T3_CLS-303_COOH_H_COOH-L2_CLS-208-210_EPO_NH2_-HCB_A,5.88671875
T3_CLS-303_EPO_H_COOH-L2_CLS-202_H_H_NH2_-HCB_A,4.35546875
T3_CLS-303_EPO_H_NH2-L2_CLS-208-210_H_CHO_-HCB_A,4.421875
T3_CLS-303_H_CHS_COOH-L2_CLS-208-210_H_NH2_-HCB_A,4.4140625
T3_CLS-303_H_Cl_COOH-L2_CLS-208-208_H_NH2_-HCB_A,4.375
T3_CLS-303_H_Cl_COOH-L2_CLS-208-210_EPO_NH2_-HCB_A,15.9453125
T3_CLS-303_H_EPO_COOH-L2_CLS-208-210_EPO_NH2_-HCB_A,12.203125
T3_CLS-303_H_NO2_NH2-L2_CLS-208-210_Cl_COOH_-HCB_A,9.21875
T3_CLS-303_H_SO2H_NH2-L2_CLS-210_H_H_COOH_-HCB_A,4.3125
T3_CLS-303_NO2_H_NH2-L2_CLS-204-210_H_COOH_-HCB_A,7.7734375
T3_CLS-303_NO2_H_NH2-L2_CLS-210_NO2_H_COOH_-HCB_A,4.83984375
T3_CLS-305-208_H_NH2-L2_CLS-208-210_H_COOH_-HCB_A,4.30859375
T3_CLS-305-208_H_NH2-L2_CLS-208-210_NO2_COOH_-HCB_A,4.328125
T3_CLS-307_H_H_NH2-L2_CLS-208-210_NO2_COOH_-HCB_A,5.58984375
H6_CLS-BENZ6-210_EPO_COOH-T3_CLS-303_H_H_NH2_-KGD,4.5
H6_CLS-BENZ6-210_H_COOH-L2_CLS-208-210_Cl_NH2_-HXL_A,4.32421875
H6_CLS-BENZ6-210_H_COOH-T3_CLS-303_COOH_H_NH2_-KGD,4.421875
H6_CLS-BENZ6-210_H_NH2-T3_CLS-303_H_NO2_COOH_-KGD,7.9375
T3_CLS-303_Cl_H_COOH-L2_CLS-208-210_Cl_NH2_-HCB_A,5.046875
T3_CLS-303_EPO_H_NH2-L2_CLS-210_H_H_CHO_-HCB_A,6.69921875
T3_CLS-303_H_COOH_NH2-L2_CLS-202_H_H_COOH_-HCB_A,4.21875
T3_CLS-303_H_COOH_NH2-L2_CLS-208-203_NH2_COOH_-HCB_A,3.80078125
T3_CLS-303_H_NO_Cl-L2_CLS-208-208_H_Cl_-HCB_A,4.57421875
T3_CLS-303_NO2_EPO_NH2-L2_CLS-208-210_H_COOH_-HCB_A,4.78125
T3_CLS-307_H_EPO_NH2-L2_CLS-208-210_EPO_COOH_-HCB_A,7.078125
T3_CLS-307_H_EPO_NH2-L2_CLS-208-210_H_COOH_-HCB_A,3.630859375
T3_CLS-308_H_H_COOH-L2_CLS-203_H_H_NH2_-HCB_A,3.935546875
H6_CLS-BENZ6-210_CHO_NH2-T3_CLS-303_H_H_COOH_-KGD,5.046875
H6_CLS-BENZ6-210_H_CHO-L2_CLS-208-210_H_NH2_-HXL_A,4.375
H6_CLS-BENZ6-210_H_CHO-T3_CLS-303_H_H_NH2_-KGD,4.515625
H6_CLS-BENZ6-210_H_COOH-T3_CLS-303_Cl_H_NH2_-KGD,4.265625
H6_CLS-BENZ6-210_H_COOH-T3_CLS-303_H_NH2_NH2_-KGD,6.72265625
H6_CLS-BENZ6-210_H_NH2-L2_CLS-202_H_H_COOH_-HXL_A,4.390625
H6_CLS-BENZ6-210_H_NH2-L2_CLS-203_H_H_CHO_-HXL_A,4.62109375
H6_CLS-BENZ6-210_H_NH2-T3_CLS-303_COOH_H_COOH_-KGD,4.4375
S4_CLS-PORP_H_H_NH2-L2_CLS-203_H_H_COOH_-SQL_A,3.4375
T3_CLS-303_Cl_H_NH2-L2_CLS-203_H_H_COOH_-HCB_A,4.34375
T3_CLS-303_Cl_NO_COOH-L2_CLS-208-210_H_NH2_-HCB_A,6.48828125
T3_CLS-303_EPO_H_COOH-L2_CLS-210_EPO_H_NH2_-HCB_A,4.15625
T3_CLS-303_EPO_H_NH2-L2_CLS-208-210_COOH_COOH_-HCB_A,4.390625
T3_CLS-303_H_EPO_NH2-L2_CLS-208-210_H_CHO_-HCB_A,5.125
T3_CLS-303_H_H_COOH-L2_CLS-210_EPO_H_NH2_-HCB_A,4.66015625
T3_CLS-303_H_H_NH2-L2_CLS-203_H_H_CHO_-HCB_A,6.47265625
H6_CLS-BENZ6-208_H_CHO-L2_CLS-208-210_H_NH2_-HXL_A,8.8671875
H6_CLS-BENZ6-210_EPO_NH2-T3_CLS-303_H_H_COOH_-KGD,4.34765625
H6_CLS-BENZ6-210_H_COOH-L2_CLS-208-210_EPO_NH2_-HXL_A,4.42578125
H6_CLS-BENZ6-210_H_COOH-T3_CLS-303_OH_EPO_NH2_-KGD,4.92578125
H6_CLS-BENZ6-210_H_NH2-L2_CLS-208-210_EPO_COOH_-HXL_A,4.14453125
H6_CLS-BENZ6-210_H_NH2-L2_CLS-208-210_NO2_COOH_-HXL_A,4.84765625
T3_CLS-303_COOH_H_CHO-L2_CLS-208-210_H_NH2_-HCB_A,4.67578125
T3_CLS-303_Cl_H_COOH-L2_CLS-208-206_H_NH2_-HCB_A,8.1953125
T3_CLS-303_EPO_SO2H_NH2-L2_CLS-208-210_COOH_COOH_-HCB_A,4.5703125
T3_CLS-303_EPO_SO2H_NH2-L2_CLS-208-210_H_COOH_-HCB_A,4.8203125
T3_CLS-303_H_Cl_NH2-L2_CLS-208-210_H_COOH_-HCB_A,20.609375
T3_CLS-303_NO2_H_NH2-L2_CLS-208-208_H_COOH_-HCB_A,7.0625
T3_CLS-305-210_H_COOH-L2_CLS-208-210_H_NH2_-HCB_A,7.69921875
H6_CLS-BENZ6-210_Cl_COOH-L2_CLS-208-207_H_NH2_-HXL_A,3.572265625
H6_CLS-BENZ6-210_EPO_NH2-L2_CLS-208-210_NO2_COOH_-HXL_A,4.0234375
H6_CLS-BENZ6-210_H_NH2-L2_CLS-202_EPO_H_COOH_-HXL_A,4.48828125
H6_CLS-BENZ6-210_H_NH2-T3_CLS-303_H_EPO_COOH_-KGD,4.4375
T3_CLS-303_COOH_H_COOH-L2_CLS-208-202_H_NH2_-HCB_A,4.2890625
T3_CLS-303_EPO_H_NH2-L2_CLS-203_H_H_COOH_-HCB_A,4.34375
T3_CLS-303_H_EPO_COOH-L2_CLS-208-210_H_NH2_-HCB_A,8.609375
T3_CLS-303_H_EPO_NH2-L2_CLS-203_H_H_COOH_-HCB_A,4.25
T3_CLS-303_H_H_CHO-L2_CLS-208-210_CHO_NH2_-HCB_A,4.43359375
T3_CLS-303_H_H_COOH-L2_CLS-208-210_CHO_NH2_-HCB_A,5.32421875
T3_CLS-303_H_H_NH2-L2_CLS-202_EPO_H_COOH_-HCB_A,4.40234375
T3_CLS-303_NO2_COOH_NH2-L2_CLS-208-210_H_COOH_-HCB_A,4.26953125
T3_CLS-303_NO2_H_NH2-L2_CLS-208-210_NO2_COOH_-HCB_A,9.4375
H6_CLS-BENZ6-210_Cl_CHO-L2_CLS-208-210_H_NH2_-HXL_A,3.962890625
H6_CLS-BENZ6-210_Cl_CHO-T3_CLS-303_H_H_NH2_-KGD,5.2421875
H6_CLS-BENZ6-210_H_COOH-L2_CLS-203_H_H_NH2_-HXL_A,3.314453125
H6_CLS-BENZ6-210_H_NH2-L2_CLS-208-210_H_CHO_-HXL_A,4.56640625
H6_CLS-BENZ6-210_H_NH2-T3_CLS-303_H_Cl_COOH_-KGD,6.52734375
T3_CLS-303_Cl_H_NH2-L2_CLS-208-210_H_CHO_-HCB_A,5.65234375
T3_CLS-303_H_Cl_COOH-L2_CLS-208-210_H_NH2_-HCB_A,5.23046875
T3_CLS-303_H_H_COOH-L2_CLS-208-210_SO2H_NH2_-HCB_A,4.6328125
H6_CLS-BENZ6-210_Cl_NH2-T3_CLS-303_H_H_CHO_-KGD,2.62109375
H6_CLS-BENZ6-210_H_COOH-L2_CLS-207_H_NH2_NH2_-HXL_A,4.71484375
H6_CLS-BENZ6-210_H_COOH-T3_CLS-303_H_COOH_NH2_-KGD,4.78515625
H6_CLS-BENZ6-210_H_NH2-T3_CLS-303_Cl_H_COOH_-KGD,7.87109375
H6_CLS-BENZ6-210_H_NH2-T3_CLS-303_H_NH2_COOH_-KGD,4.45703125
T3_CLS-303_EPO_H_NH2-L2_CLS-210_H_H_COOH_-HCB_A,5.5234375
T3_CLS-303_H_COOH_COOH-L2_CLS-210_H_EPO_NH2_-HCB_A,5.25
T3_CLS-303_H_H_CHO-L2_CLS-207_H_NH2_NH2_-HCB_A,5.3359375
T3_CLS-303_H_H_COOH-L2_CLS-207_H_NH2_NH2_-HCB_A,4.3046875
T3_CLS-303_H_OCOCH3_NH2-L2_CLS-208-210_H_CHO_-HCB_A,8.4609375
T3_CLS-303_H_OCOCH3_NH2-L2_CLS-208-210_H_COOH_-HCB_A,5.0234375
T3_CLS-303_NO2_H_NH2-L2_CLS-202_H_H_COOH_-HCB_A,4.46484375
T3_CLS-308_H_H_COOH-L2_CLS-208-202_H_NH2_-HCB_A,4.3984375
T3_CLS-308_H_H_COOH-L2_CLS-208-210_H_NH2_-HCB_A,4.66796875
H6_CLS-BENZ6-210_Cl_COOH-L2_CLS-208-210_EPO_NH2_-HXL_A,5.8125
H6_CLS-BENZ6-210_H_NH2-L2_CLS-210_EPO_H_COOH_-HXL_A,5.1796875
T3_CLS-303_EPO_H_NH2-L2_CLS-202_H_H_COOH_-HCB_A,4.265625
T3_CLS-303_H_H_CHO-L2_CLS-208-210_COOH_NH2_-HCB_A,4.4609375
T3_CLS-303_H_H_NH2-L2_CLS-208-208_Cl_COOH_-HCB_A,4.33203125
H6_CLS-BENZ6-210_H_COOH-L2_CLS-202_H_H_NH2_-HXL_A,2.802734375
H6_CLS-BENZ6-210_H_NH2-L2_CLS-204-203_H_COOH_-HXL_A,3.9140625
H6_CLS-BENZ6-210_H_NH2-T3_CLS-303_H_H_CHO_-KGD,6.4765625
T3_CLS-303_Cl_H_CHO-L2_CLS-208-210_H_NH2_-HCB_A,4.921875
T3_CLS-303_H_H_NH2-L2_CLS-204-203_H_COOH_-HCB_A,8.640625
T3_CLS-303_H_H_NH2-L2_CLS-208-210_OCOCH3_COOH_-HCB_A,3.794921875
H6_CLS-BENZ6-208_Cl_COOH-T3_CLS-303_H_H_NH2_-KGD,3.85546875
H6_CLS-BENZ6-210_COOH_COOH-L2_CLS-208-210_H_NH2_-HXL_A,4.2578125
H6_CLS-BENZ6-210_H_NH2-T3_CLS-303_Cl_Cl_COOH_-KGD,6.43359375
T3_CLS-303_H_NH2_CHO-L2_CLS-208-210_Cl_NH2_-HCB_A,4.234375
T3_CLS-303_H_NO2_NH2-L2_CLS-208-202_H_COOH_-HCB_A,4.3203125
H6_CLS-BENZ6-208_COOH_COOH-T3_CLS-303_H_EPO_NH2_-KGD,3.9921875
H6_CLS-BENZ6-208_COOH_COOH-T3_CLS-303_H_H_NH2_-KGD,4.46875
H6_CLS-BENZ6-210_H_COOH-L2_CLS-204-210_H_NH2_-HXL_A,3.078125
H6_CLS-BENZ6-210_H_NH2-L2_CLS-210_H_Cl_COOH_-HXL_A,4.375
T3_CLS-303_Cl_H_NH2-L2_CLS-208-203_H_COOH_-HCB_A,9.21875
T3_CLS-303_Cl_H_NH2-L2_CLS-208-210_COOH_COOH_-HCB_A,4.796875
T3_CLS-303_EPO_H_COOH-L2_CLS-204-210_H_NH2_-HCB_A,5.6640625
T3_CLS-303_H_Cl_COOH-L2_CLS-202_H_H_NH2_-HCB_A,4.58984375
T3_CLS-303_H_H_NH2-L2_CLS-210_H_Cl_COOH_-HCB_A,4.37890625
T3_CLS-303_NO_H_NH2-L2_CLS-208-210_COOH_COOH_-HCB_A,9.2265625
T3_CLS-303_NO_H_NH2-L2_CLS-208-210_NO2_COOH_-HCB_A,8.5078125
H6_CLS-BENZ6-210_COOH_NH2-L2_CLS-208-208_H_COOH_-HXL_A,4.4609375
H6_CLS-BENZ6-210_COOH_NH2-L2_CLS-208-210_SH_COOH_-HXL_A,4.36328125
H6_CLS-BENZ6-210_H_COOH-T3_CLS-303_COOH_NO2_NH2_-KGD,4.609375
T3_CLS-303_COOH_NO2_NH2-L2_CLS-208-210_H_COOH_-HCB_A,4.234375
T3_CLS-303_Cl_H_NH2-L2_CLS-208-202_H_COOH_-HCB_A,8.8984375
T3_CLS-303_Cl_H_NH2-L2_CLS-208-210_EPO_COOH_-HCB_A,9.1875
T3_CLS-303_H_H_NH2-L2_CLS-208-210_SH_COOH_-HCB_A,9.2265625
T3_CLS-303_H_NO2_NH2-L2_CLS-208-210_EPO_COOH_-HCB_A,8.453125
T3_CLS-303_H_SH_NH2-L2_CLS-208-202_H_COOH_-HCB_A,9.2265625
T3_CLS-303_H_SH_NH2-L2_CLS-208-210_EPO_COOH_-HCB_A,6.2578125
T3_CLS-303_NH2_H_NH2-L2_CLS-208-210_COOH_COOH_-HCB_A,4.625
H6_CLS-BENZ6-210_COOH_COOH-L2_CLS-208-202_H_NH2_-HXL_A,3.5859375
H6_CLS-BENZ6-210_COOH_COOH-T3_CLS-303_EPO_H_NH2_-KGD,6.1484375
H6_CLS-BENZ6-210_H_NH2-L2_CLS-208-210_CHO_COOH_-HXL_A,4.27734375
T3_CLS-303_Cl_EPO_NH2-L2_CLS-208-210_H_COOH_-HCB_A,4.3671875
T3_CLS-303_H_EPO_NH2-L2_CLS-208-203_H_COOH_-HCB_A,9.015625
T3_CLS-303_H_EPO_NH2-L2_CLS-208-210_Cl_COOH_-HCB_A,4.33203125
T3_CLS-303_H_H_NH2-L2_CLS-208-208_COOH_CHO_-HCB_A,4.13671875
T3_CLS-303_H_H_NH2-L2_CLS-208-210_CHO_COOH_-HCB_A,6.26171875
T3_CLS-303_H_NH2_NH2-L2_CLS-210_NO2_H_COOH_-HCB_A,8.75
T3_CLS-303_H_SH_NH2-L2_CLS-208-210_H_COOH_-HCB_A,7.24609375
T3_CLS-303_Cl_H_NH2-L2_CLS-202_Cl_H_COOH_-HCB_A,8.8203125
T3_CLS-303_NH2_H_COOH-L2_CLS-202_H_H_NH2_-HCB_A,4.40234375
T3_CLS-303_NO_H_NH2-L2_CLS-202_Cl_H_COOH_-HCB_A,4.546875
T3_CLS-303_NO_H_NH2-L2_CLS-208-210_H_COOH_-HCB_A,16.390625
T3_CLS-303_OCOCH3_H_NH2-L2_CLS-208-210_H_COOH_-HCB_A,4.2109375
T3_CLS-306_H_H_NH2-L2_CLS-208-210_H_COOH_-HCB_A,3.916015625
T3_CLS-307_H_EPO_COOH-L2_CLS-208-210_H_NH2_-HCB_A,6.0703125
H6_CLS-BENZ6-208_H_COOH-T3_CLS-303_H_NO2_NH2_-KGD,5.4296875
H6_CLS-BENZ6-210_H_COOH-L2_CLS-202_COOH_H_NH2_-HXL_A,4.64453125
T3_CLS-303_CHO_H_NH2-L2_CLS-208-202_H_COOH_-HCB_A,9.1640625
T3_CLS-303_CHO_H_NH2-L2_CLS-208-210_Cl_COOH_-HCB_A,5.02734375
T3_CLS-303_EPO_H_NH2-L2_CLS-208-202_H_COOH_-HCB_A,7.546875
T3_CLS-303_EPO_H_NH2-L2_CLS-208-210_Cl_COOH_-HCB_A,4.35546875
T3_CLS-303_EPO_NO_NH2-L2_CLS-208-210_Cl_COOH_-HCB_A,4.59765625
T3_CLS-303_EPO_NO_NH2-L2_CLS-208-210_EPO_COOH_-HCB_A,4.76171875
T3_CLS-303_EPO_NO_NH2-L2_CLS-208-210_H_COOH_-HCB_A,6.0625
T3_CLS-303_H_H_NH2-L2_CLS-208-202_COOH_COOH_-HCB_A,9.2265625
T3_CLS-303_H_NO2_NH2-L2_CLS-208-210_COOH_COOH_-HCB_A,6.28515625
T3_CLS-303_H_NO_NH2-L2_CLS-208-210_Cl_COOH_-HCB_A,4.5234375
H6_CLS-BENZ6-208_H_COOH-T3_CLS-303_EPO_H_NH2_-KGD,7.9140625
H6_CLS-BENZ6-210_H_COOH-L2_CLS-202_H_EPO_NH2_-HXL_A,8.4921875
H6_CLS-BENZ6-210_H_COOH-L2_CLS-206_H_H_NH2_-HXL_A,4.5625
H6_CLS-BENZ6-210_H_COOH-T3_CLS-303_Cl_EPO_NH2_-KGD,5.80078125
H6_CLS-BENZ6-210_H_COOH-T3_CLS-303_H_Cl_NH2_-KGD,5.984375
T3_CLS-303_EPO_H_COOH-L2_CLS-202_H_EPO_NH2_-HCB_A,4.234375
T3_CLS-303_EPO_H_NH2-L2_CLS-208-210_EPO_COOH_-HCB_A,4.59375
T3_CLS-303_H_COOH_NH2-L2_CLS-208-210_COOH_COOH_-HCB_A,6.2421875
T3_CLS-303_H_EPO_NH2-L2_CLS-207_H_H_COOH_-HCB_A,4.3515625
T3_CLS-303_H_EPO_NH2-L2_CLS-208-203_COOH_COOH_-HCB_A,4.359375
T3_CLS-303_H_H_NH2-L2_CLS-208-203_COOH_COOH_-HCB_A,5.12109375
T3_CLS-303_H_NO_NH2-L2_CLS-208-208_H_COOH_-HCB_A,4.32421875
H6_CLS-BENZ6-210_H_CHO-T3_CLS-303_EPO_H_NH2_-KGD,9.09375
T3_CLS-303_Cl_EPO_NH2-L2_CLS-208-210_EPO_COOH_-HCB_A,4.140625
T3_CLS-303_H_EPO_NH2-L2_CLS-208-202_H_COOH_-HCB_A,9.1875
T3_CLS-303_H_NO_NH2-L2_CLS-208-210_COOH_COOH_-HCB_A,7.00390625
T3_CLS-303_EPO_H_NH2-L2_CLS-208-208_H_COOH_-HCB_A,5.05859375
T3_CLS-303_EPO_H_NH2-L2_CLS-208-210_NO2_COOH_-HCB_A,6.07421875
T3_CLS-303_H_Cl_NH2-L2_CLS-208-202_H_COOH_-HCB_A,20.25
T3_CLS-303_H_H_NH2-L2_CLS-208-210_NO_COOH_-HCB_A,8.9453125
T3_CLS-303_H_NO2_CHO-L2_CLS-208-208_H_NH2_-HCB_A,6.53515625
T3_CLS-303_H_SO2H_COOH-L2_CLS-208-210_COOH_NH2_-HCB_A,4.4453125
T3_CLS-303_NO2_H_NH2-L2_CLS-208-202_H_COOH_-HCB_A,6.64453125
T3_CLS-305-210_H_NH2-L2_CLS-208-210_H_COOH_-HCB_A,4.50390625
T3_CLS-303_COOH_H_NH2-L2_CLS-208-202_H_COOH_-HCB_A,4.1328125
T3_CLS-303_Cl_COOH_NH2-L2_CLS-208-210_H_COOH_-HCB_A,4.17578125
H6_CLS-BENZ6-202_H_COOH-T3_CLS-303_H_H_NH2_-KGD,3.20703125
H6_CLS-BENZ6-210_H_COOH-T3_CLS-303_COOH_NH2_NH2_-KGD,4.62109375
T3_CLS-303_COOH_NH2_NH2-L2_CLS-208-202_COOH_COOH_-HCB_A,5.58984375
T3_CLS-303_H_Cl_NH2-L2_CLS-208-203_H_COOH_-HCB_A,9.1484375
T3_CLS-303_H_EPO_NH2-L2_CLS-208-210_EPO_COOH_-HCB_A,4.703125
T3_CLS-303_H_H_NH2-L2_CLS-210_EPO_H_COOH_-HCB_A,4.49609375
T3_CLS-303_Cl_H_COOH-L2_CLS-208-202_H_NH2_-HCB_A,6.77734375
T3_CLS-303_H_EPO_NH2-L2_CLS-208-202_COOH_COOH_-HCB_A,5.41015625
T3_CLS-303_H_H_NH2-L2_CLS-202_H_NO2_COOH_-HCB_A,4.41015625
T3_CLS-303_H_NH2_CHO-L2_CLS-208-202_H_NH2_-HCB_A,4.4921875
T3_CLS-306_COOH_H_NH2-L2_CLS-208-202_H_COOH_-HCB_A,4.046875
T3_CLS-306_COOH_H_NH2-L2_CLS-208-210_H_COOH_-HCB_A,4.6015625
H6_CLS-BENZ6-210_H_COOH-T3_CLS-303_H_NO_NH2_-KGD,4.6484375
H6_CLS-BENZ6-210_H_COOH-T3_CLS-303_SH_H_NH2_-KGD,4.78515625
T3_CLS-303_Cl_H_NH2-L2_CLS-208-202_COOH_CHO_-HCB_A,3.783203125
T3_CLS-303_EPO_H_NH2-L2_CLS-208-202_COOH_COOH_-HCB_A,6.3359375
T3_CLS-303_H_H_NH2-L2_CLS-208-202_COOH_CHO_-HCB_A,4.50390625
T3_CLS-303_H_NO2_NH2-L2_CLS-208-208_H_COOH_-HCB_A,8.9765625
T3_CLS-303_H_NO_NH2-L2_CLS-208-202_H_COOH_-HCB_A,19.375
T3_CLS-303_SH_H_NH2-L2_CLS-208-202_COOH_COOH_-HCB_A,8.46875
T3_CLS-303_CHO_H_NH2-L2_CLS-208-210_H_COOH_-HCB_A,4.49609375
T3_CLS-303_Cl_EPO_NH2-L2_CLS-208-202_COOH_COOH_-HCB_A,4.36328125
T3_CLS-303_Cl_EPO_NH2-L2_CLS-208-207_H_COOH_-HCB_A,4.359375
T3_CLS-303_Cl_EPO_NH2-L2_CLS-210_H_H_COOH_-HCB_A,4.1640625
T3_CLS-303_H_Cl_NH2-L2_CLS-210_H_H_COOH_-HCB_A,6.09765625
T3_CLS-303_H_H_NH2-L2_CLS-208-207_H_COOH_-HCB_A,9.2109375
T3_CLS-303_NO2_H_NH2-L2_CLS-208-203_H_COOH_-HCB_A,20.59375
T3_CLS-303_NO2_H_NH2-L2_CLS-208-210_COOH_COOH_-HCB_A,9.25
T3_CLS-303_Cl_EPO_NH2-L2_CLS-208-202_H_COOH_-HCB_A,4.42578125
T3_CLS-303_Cl_EPO_NH2-L2_CLS-208-210_COOH_COOH_-HCB_A,4.40234375
T3_CLS-303_Cl_EPO_NH2-L2_CLS-210_H_COOH_COOH_-HCB_A,4.64453125
T3_CLS-303_H_Cl_NH2-L2_CLS-208-210_COOH_COOH_-HCB_A,4.66796875
T3_CLS-303_H_Cl_NH2-L2_CLS-210_H_COOH_COOH_-HCB_A,4.16015625
T3_CLS-303_H_NO_NH2-L2_CLS-208-203_H_COOH_-HCB_A,9.3046875
T3_CLS-303_NO_H_NH2-L2_CLS-208-202_H_COOH_-HCB_A,20.8125
T3_CLS-303_NO_NH2_NH2-L2_CLS-208-202_H_COOH_-HCB_A,4.44140625
T3_CLS-303_NO_NH2_NH2-L2_CLS-208-210_EPO_COOH_-HCB_A,6.3984375
T3_CLS-303_NO_NH2_NH2-L2_CLS-208-210_H_COOH_-HCB_A,4.44921875
T3_CLS-303_EPO_H_NH2-L2_CLS-208-208_SH_COOH_-HCB_A,4.41015625
T3_CLS-303_H_H_NH2-L2_CLS-208-208_SH_COOH_-HCB_A,4.3515625
T3_CLS-303_NO2_H_NH2-L2_CLS-208-203_COOH_COOH_-HCB_A,4.703125
T3_CLS-303_SH_H_NH2-L2_CLS-208-202_H_COOH_-HCB_A,9.1015625
T3_CLS-303_SH_H_NH2-L2_CLS-208-210_H_COOH_-HCB_A,8.015625
T3_CLS-303_H_NH2_NH2-L2_CLS-208-202_H_COOH_-HCB_A,5.0703125
T3_CLS-303_H_NO_NH2-L2_CLS-208-210_SH_COOH_-HCB_A,4.609375
T3_CLS-303_SH_H_NH2-L2_CLS-208-208_H_COOH_-HCB_A,4.046875
T3_CLS-303_Cl_H_NH2-L2_CLS-208-210_Cl_COOH_-HCB_A,7.19140625
T3_CLS-303_Cl_H_NH2-L2_CLS-210_NO2_H_COOH_-HCB_A,4.5625
T3_CLS-303_EPO_NO2_NH2-L2_CLS-208-202_H_COOH_-HCB_A,4.38671875
T3_CLS-303_EPO_NO2_NH2-L2_CLS-208-208_H_COOH_-HCB_A,4.8125
T3_CLS-303_EPO_NO2_NH2-L2_CLS-208-210_H_COOH_-HCB_A,4.8671875
T3_CLS-303_H_H_COOH-L2_CLS-202_H_EPO_NH2_-HCB_A,4.203125
S4_CLS-PTCA_H_H_COOH-L2_CLS-208-202_H_NH2_-SQL_A,4.265625
T3_CLS-303_Cl_H_NH2-L2_CLS-208-202_COOH_COOH_-HCB_A,5.09375
T3_CLS-303_H_Cl_NH2-L2_CLS-208-202_COOH_COOH_-HCB_A,5.86328125
T3_CLS-303_H_NO_NH2-L2_CLS-208-202_COOH_COOH_-HCB_A,7.27734375
T3_CLS-303_H_SO2H_NH2-L2_CLS-208-202_H_COOH_-HCB_A,4.00390625
T3_CLS-303_Cl_COOH_NH2-L2_CLS-208-208_H_COOH_-HCB_A,4.3046875
T3_CLS-303_H_Cl_NH2-L2_CLS-207_H_H_COOH_-HCB_A,4.3046875
T3_CLS-303_NO_H_NH2-L2_CLS-208-208_H_COOH_-HCB_A,7.31640625
T3_CLS-303_NO_H_NH2-L2_CLS-208-210_Cl_COOH_-HCB_A,4.69921875
T3_CLS-309-208_H_COOH-L2_CLS-208-202_COOH_NH2_-HCB_A,4.234375
T3_CLS-303_H_NH2_NH2-L2_CLS-208-210_COOH_COOH_-HCB_A,4.53125
T3_CLS-303_Cl_COOH_NH2-L2_CLS-208-202_COOH_COOH_-HCB_A,4.07421875
T3_CLS-303_Cl_COOH_NH2-L2_CLS-208-202_H_COOH_-HCB_A,4.0703125
T3_CLS-303_Cl_COOH_NH2-L2_CLS-208-210_COOH_COOH_-HCB_A,4.33203125
T3_CLS-303_H_Cl_NH2-L2_CLS-208-208_H_COOH_-HCB_A,4.34765625
T3_CLS-303_H_H_NH2-L2_CLS-207_Cl_H_COOH_-HCB_A,4.6328125
T3_CLS-308_H_H_COOH-L2_CLS-208-202_COOH_NH2_-HCB_A,4.515625
T3_CLS-303_H_NO_NH2-L2_CLS-210_H_COOH_COOH_-HCB_A,4.51953125
T3_CLS-303_COOH_H_NH2-L2_CLS-208-202_COOH_COOH_-HCB_A,5.359375
T3_CLS-303_NO_H_NH2-L2_CLS-208-202_COOH_COOH_-HCB_A,13.1796875
T3_CLS-303_H_H_NH2-L2_CLS-208-202_EPO_COOH_-HCB_A,18.78125
T3_CLS-303_Cl_H_NH2-L2_CLS-209_H_H_COOH_-HCB_A,3.900390625
T3_CLS-303_COOH_H_NH2-L2_CLS-202_H_H_COOH_-HCB_A,4.2890625
T3_CLS-303_COOH_H_NH2-L2_CLS-206_H_H_COOH_-HCB_A,4.01171875
T3_CLS-303_EPO_NH2_NH2-L2_CLS-208-202_H_COOH_-HCB_A,4.7421875
T3_CLS-303_Cl_H_NH2-L2_CLS-202_H_H_COOH_-HCB_A,6.83203125
T3_CLS-303_Cl_H_NH2-L2_CLS-207_H_H_COOH_-HCB_A,4.09765625
T3_CLS-303_H_SO2H_NH2-L2_CLS-208-202_COOH_COOH_-HCB_A,4.3125
T3_CLS-303_H_SO2H_NH2-L2_CLS-208-208_H_COOH_-HCB_A,4.5
T3_CLS-303_COOH_NO_NH2-L2_CLS-208-202_H_COOH_-HCB_A,3.783203125
T3_CLS-303_H_SO2H_COOH-L2_CLS-202_H_H_NH2_-HCB_A,4.35546875
T3_CLS-303_H_NH2_NH2-L2_CLS-208-202_COOH_COOH_-HCB_A,6.23828125
T3_CLS-303_H_OCOCH3_NH2-L2_CLS-208-202_H_COOH_-HCB_A,8.21875
T3_CLS-303_SH_NH2_NH2-L2_CLS-208-202_H_COOH_-HCB_A,7.48046875
T3_CLS-303_Cl_NO_NH2-L2_CLS-208-202_H_COOH_-HCB_A,19.0625
T3_CLS-303_Cl_SH_NH2-L2_CLS-208-202_H_COOH_-HCB_A,6.28515625
T3_CLS-303_Cl_Cl_COOH-L2_CLS-208-202_H_NH2_-HCB_A,7.33984375
T3_CLS-303_H_H_NH2-L2_CLS-208-202_SH_COOH_-HCB_A,11.546875
T3_CLS-303_SO2H_H_NH2-L2_CLS-208-202_H_COOH_-HCB_A,4.0390625
T3_CLS-303_COOH_NH2_NH2-L2_CLS-208-202_H_COOH_-HCB_A,4.16015625
T3_CLS-303_H_H_NH2-L2_CLS-208-202_SO2H_COOH_-HCB_A,15.6875
T3_CLS-303_H_SO2H_Cl-L2_CLS-208-202_H_Cl_-HCB_A,8.7734375
T3_CLS-303_H_NO_NH2-L2_CLS-208-202_H_CHO_-HCB_A,7.140625
T3_CLS-303_NO_NH2_NH2-L2_CLS-208-202_COOH_COOH_-HCB_A,5.61328125
T3_CLS-303_Cl_H_NH2-L2_CLS-208-202_SO2H_COOH_-HCB_A,9.640625
T3_CLS-303_H_SH_NH2-L2_CLS-208-202_COOH_COOH_-HCB_A,9.7578125
T3_CLS-303_SO2H_SH_NH2-L2_CLS-208-202_H_COOH_-HCB_A,4.34375
T3_CLS-303_Cl_H_NH2-L2_CLS-208-208_COOH_COOH_-HCB_A,4.26953125
T3_CLS-303_H_NH2_NH2-L2_CLS-208-202_SO2H_COOH_-HCB_A,7.20703125
T3_CLS-303_H_SO2H_NH2-L2_CLS-208-202_SO2H_COOH_-HCB_A,4.3359375
T3_CLS-303_NO2_H_NH2-L2_CLS-208-202_COOH_COOH_-HCB_A,19.1875
T3_CLS-303_SH_H_NH2-L2_CLS-202_H_H_COOH_-HCB_A,4.28125
T3_CLS-306_H_H_NH2-L2_CLS-208-202_H_COOH_-HCB_A,4.77734375
T3_CLS-303_H_COOH_NH2-L2_CLS-208-202_COOH_COOH_-HCB_A,8.1328125
T3_CLS-303_SO2H_H_NH2-L2_CLS-208-202_COOH_COOH_-HCB_A,4.28125
T3_CLS-303_Cl_NO_NH2-L2_CLS-208-202_COOH_COOH_-HCB_A,4.9765625
T3_CLS-303_Cl_Cl_NH2-L2_CLS-208-202_H_COOH_-HCB_A,9.9765625
T3_CLS-303_SO2H_NO_NH2-L2_CLS-208-202_H_COOH_-HCB_A,3.90625
T3_CLS-303_Cl_Cl_NH2-L2_CLS-208-202_COOH_COOH_-HCB_A,5.09765625
S4_CLS-PORP_H_H_NH2-L2_CLS-208-202_H_COOH_-SQL_A,3.9921875
T3_CLS-303_H_H_NH2-L2_CLS-207_H_COOH_COOH_-HCB_A,2.771484375
T3_CLS-303_H_NO_NH2-L2_CLS-208-202_SO2H_COOH_-HCB_A,17.859375
T3_CLS-303_NO_SO2H_NH2-L2_CLS-208-202_H_COOH_-HCB_A,4.21484375
T3_CLS-303_COOH_SO2H_NH2-L2_CLS-208-202_H_COOH_-HCB_A,4.328125
T3_CLS-303_I_H_NH2-L2_CLS-208-202_H_COOH_-HCB_A,17.4375
T3_CLS-310-202_H_NH2-L2_CLS-208-202_H_COOH_-HCB_A,4.33203125
T3_CLS-303_H_CHO_NH2-L2_CLS-208-202_H_COOH_-HCB_A,7.9921875
T3_CLS-303_EPO_SO2H_NH2-L2_CLS-208-202_H_COOH_-HCB_A,5.55078125
T3_CLS-303_H_H_NH2-L2_CLS-202_COOH_H_COOH_-HCB_A,4.1328125
T3_CLS-303_H_SO2H_NH2-L2_CLS-202_COOH_H_COOH_-HCB_A,4.1875
T3_CLS-303_H_CH3_NH2-L2_CLS-208-202_H_COOH_-HCB_A,19.03125
T3_CLS-303_OH_H_NH2-L2_CLS-208-202_H_COOH_-HCB_A,9.9921875
T3_CLS-303_CH3_H_NH2-L2_CLS-208-202_H_COOH_-HCB_A,19.03125
T3_CLS-303_H_H_NH2-L2_CLS-208-202_NH2_COOH_-HCB_A,7.36328125
T3_CLS-310-202_H_NH2-L2_CLS-208-202_COOH_COOH_-HCB_A,4.35546875
T3_CLS-303_H_H_NH2-L2_CLS-209_H_COOH_COOH_-HCB_A,4.46875
T3_CLS-303_H_NO_NH2-L2_CLS-209_H_COOH_COOH_-HCB_A,7.80078125
T3_CLS-303_NO_H_NH2-L2_CLS-210_H_COOH_COOH_-HCB_A,4.30078125
T3_CLS-303_H_SO2H_COOH-L2_CLS-208-202_COOH_NH2_-HCB_A,5.7265625
T3_CLS-303_H_CHS_NH2-L2_CLS-208-202_COOH_COOH_-HCB_A,5.81640625
T3_CLS-303_H_CHS_NH2-L2_CLS-208-202_H_COOH_-HCB_A,9.0703125
T3_CLS-303_H_H_NH2-L2_CLS-205_Cl_H_COOH_-HCB_A,4.28515625
T3_CLS-303_H_H_NH2-L2_CLS-208-202_NO2_COOH_-HCB_A,8.3125
T3_CLS-303_H_NO_NH2-L2_CLS-208-202_NO2_COOH_-HCB_A,9.25
T3_CLS-303_H_SO2H_NH2-L2_CLS-208-202_NO2_COOH_-HCB_A,4.328125
T3_CLS-303_H_NO_NH2-L2_CLS-209_H_H_COOH_-HCB_A,3.443359375
T3_CLS-303_CHS_H_NH2-L2_CLS-208-202_H_COOH_-HCB_A,8.7734375
T3_CLS-303_Br_H_NH2-L2_CLS-208-202_H_COOH_-HCB_A,20.09375
T3_CLS-303_CHS_H_NH2-L2_CLS-208-202_COOH_COOH_-HCB_A,5.2421875
T3_CLS-303_H_H_NH2-L2_CLS-208-202_Cl_COOH_-HCB_A,20.5
T3_CLS-303_H_Cl_NH2-L2_CLS-208-202_OCOCH3_COOH_-HCB_A,4.46484375
T3_CLS-303_H_NO_NH2-L2_CLS-208-202_OCOCH3_COOH_-HCB_A,19.03125
T3_CLS-303_NO_NO_NH2-L2_CLS-208-202_H_COOH_-HCB_A,9.859375
T3_CLS-303_OMe_H_NH2-L2_CLS-208-202_COOH_COOH_-HCB_A,19.03125
T3_CLS-303_OMe_H_NH2-L2_CLS-208-202_H_COOH_-HCB_A,19.796875
T3_CLS-303_Cl_SH_NH2-L2_CLS-208-202_COOH_COOH_-HCB_A,5.49609375
T3_CLS-303_CHS_NH2_NH2-L2_CLS-208-202_H_COOH_-HCB_A,6.96875
T3_CLS-303_Cl_H_NH2-L2_CLS-209_Cl_H_COOH_-HCB_A,5.03515625
T3_CLS-303_H_H_NH2-L2_CLS-209_Cl_H_COOH_-HCB_A,9.1015625
T3_CLS-303_NO_H_NH2-L2_CLS-209_Cl_H_COOH_-HCB_A,9.2265625
T3_CLS-303_Cl_OMe_NH2-L2_CLS-208-202_H_COOH_-HCB_A,20.125
T3_CLS-303_H_OMe_NH2-L2_CLS-208-202_H_COOH_-HCB_A,19.703125
T3_CLS-303_SH_SO2H_NH2-L2_CLS-208-202_H_COOH_-HCB_A,4.1328125
T3_CLS-303_OMe_NO_NH2-L2_CLS-208-202_H_COOH_-HCB_A,19.109375
T3_CLS-303_H_OH_NH2-L2_CLS-208-202_H_COOH_-HCB_A,18.203125
T3_CLS-303_CN_H_NH2-L2_CLS-208-202_H_COOH_-HCB_A,9.3203125
T3_CLS-303_H_F_NH2-L2_CLS-208-202_COOH_COOH_-HCB_A,4.52734375
T3_CLS-303_H_F_NH2-L2_CLS-208-202_H_COOH_-HCB_A,19.25
T3_CLS-303_H_CN_NH2-L2_CLS-208-202_H_COOH_-HCB_A,5.03515625
T3_CLS-303_H_H_NH2-L2_CLS-205_Cl_SH_COOH_-HCB_A,3.36328125
T3_CLS-303_NO_F_NH2-L2_CLS-208-202_COOH_COOH_-HCB_A,5.171875
T3_CLS-303_NO_F_NH2-L2_CLS-208-202_H_COOH_-HCB_A,19.640625
T3_CLS-303_Cl_I_NH2-L2_CLS-208-202_H_COOH_-HCB_A,9.2421875
T3_CLS-303_CN_H_NH2-L2_CLS-208-202_COOH_COOH_-HCB_A,6.3984375
T3_CLS-303_H_NO_NH2-L2_CLS-205_H_H_COOH_-HCB_A,3.99609375
T3_CLS-303_H_I_NH2-L2_CLS-208-202_COOH_COOH_-HCB_A,5.73046875
T3_CLS-303_H_I_NH2-L2_CLS-208-202_H_COOH_-HCB_A,18.8125
T3_CLS-303_H_CHO_NH2-L2_CLS-208-202_COOH_COOH_-HCB_A,4.7578125
T3_CLS-303_H_NO2_NH2-L2_CLS-208-202_COOH_COOH_-HCB_A,9.25
T3_CLS-303_OH_H_NH2-L2_CLS-208-202_COOH_COOH_-HCB_A,8.75
T3_CLS-303_F_H_NH2-L2_CLS-208-202_H_COOH_-HCB_A,19.09375
T3_CLS-303_I_F_NH2-L2_CLS-208-202_H_COOH_-HCB_A,9.2109375
T3_CLS-303_CN_H_NH2-L2_CLS-208-202_NO2_COOH_-HCB_A,8.578125
T3_CLS-303_CN_H_NH2-L2_CLS-209_H_H_COOH_-HCB_A,5.1796875
T3_CLS-303_H_OH_NH2-L2_CLS-208-202_COOH_COOH_-HCB_A,6.78125
T3_CLS-303_H_F_NH2-L2_CLS-208-210_H_COOH_-HCB_A,5.48046875
T3_CLS-303_CN_NO_NH2-L2_CLS-208-202_H_COOH_-HCB_A,13.859375
T3_CLS-303_F_H_NH2-L2_CLS-208-203_H_COOH_-HCB_A,6.98046875
T3_CLS-303_CN_OMe_NH2-L2_CLS-208-202_H_COOH_-HCB_A,14.4453125
T3_CLS-303_F_H_NH2-L2_CLS-208-202_COOH_COOH_-HCB_A,4.5546875
T3_CLS-303_H_H_NH2-L2_CLS-210_CN_H_COOH_-HCB_A,6.90625
T3_CLS-303_H_H_NH2-L2_CLS-208-202_CH3_COOH_-HCB_A,19.890625
T3_CLS-303_CN_H_NH2-L2_CLS-205_CN_H_COOH_-HCB_A,2.595703125
T3_CLS-303_H_H_NH2-L2_CLS-205_CN_H_COOH_-HCB_A,3.630859375
T3_CLS-303_H_NO_NH2-L2_CLS-205_CN_H_COOH_-HCB_A,1.517578125
T3_CLS-303_SO2H_H_NH2-L2_CLS-208-208_H_COOH_-HCB_A,5.2421875
H6_CLS-BENZ6-208_H_COOH-L2_CLS-208-202_COOH_NH2_-HXL_A,6.1953125
T3_CLS-303_CN_H_NH2-L2_CLS-209_CN_COOH_COOH_-HCB_A,9.234375
T3_CLS-303_H_H_NH2-L2_CLS-209_CN_COOH_COOH_-HCB_A,4.6015625
T3_CLS-306_H_H_NH2-L2_CLS-208-202_COOH_COOH_-HCB_A,4.42578125
T3_CLS-303_H_H_NH2-L2_CLS-204-202_NH2_COOH_-HCB_A,3.3671875
T3_CLS-303_H_F_COOH-L2_CLS-208-202_COOH_NH2_-HCB_A,4.453125
T3_CLS-303_H_F_NH2-L2_CLS-208-208_H_COOH_-HCB_A,4.37109375
T3_CLS-303_CN_H_NH2-L2_CLS-208-208_H_COOH_-HCB_A,6.06640625
T3_CLS-303_H_OCOCH3_NH2-L2_CLS-208-202_COOH_COOH_-HCB_A,5.5
T3_CLS-303_H_F_COOH-L2_CLS-204-202_H_NH2_-HCB_A,2.8046875
T3_CLS-303_H_F_NH2-L2_CLS-208-207_H_COOH_-HCB_A,4.4765625
T3_CLS-303_H_NO_NH2-L2_CLS-208-207_H_COOH_-HCB_A,6.5234375
T3_CLS-303_H_H_NH2-L2_CLS-208-202_OH_COOH_-HCB_A,12.328125
T3_CLS-303_OH_OCOCH3_NH2-L2_CLS-208-202_H_COOH_-HCB_A,17.28125
T3_CLS-303_H_F_NH2-L2_CLS-208-202_CHO_COOH_-HCB_A,5.65625
T3_CLS-303_H_OMe_NH2-L2_CLS-208-202_COOH_COOH_-HCB_A,19.03125
T3_CLS-303_H_F_COOH-L2_CLS-201_H_F_NH2_-HCB_A,6.20703125
S4_CLS-PTCA_H_H_COOH-L2_CLS-208-202_COOH_NH2_-SQL_A,4.17578125
T3_CLS-303_CN_H_NH2-L2_CLS-208-210_H_COOH_-HCB_A,19.1875
T3_CLS-303_OH_OH_NH2-L2_CLS-208-202_H_COOH_-HCB_A,9.484375
T3_CLS-303_OCOCH3_H_NH2-L2_CLS-208-202_COOH_COOH_-HCB_A,19.484375
T3_CLS-303_OCOCH3_H_NH2-L2_CLS-208-202_H_COOH_-HCB_A,19.03125
T3_CLS-303_CN_H_NH2-L2_CLS-202_H_H_COOH_-HCB_A,5.3046875
T3_CLS-303_OH_COOH_NH2-L2_CLS-202_H_H_COOH_-HCB_A,4.15234375
T3_CLS-303_OH_COOH_NH2-L2_CLS-208-202_H_COOH_-HCB_A,20.09375
T3_CLS-303_OH_COOH_NH2-L2_CLS-208-202_COOH_COOH_-HCB_A,5.6953125
T3_CLS-303_OH_EPO_NH2-L2_CLS-208-202_H_COOH_-HCB_A,5.078125
T3_CLS-303_CN_CH3_NH2-L2_CLS-208-202_H_COOH_-HCB_A,7.51953125
T3_CLS-303_H_F_NH2-L2_CLS-205_H_H_COOH_-HCB_A,4.3671875
T3_CLS-303_H_CN_NH2-L2_CLS-208-202_COOH_COOH_-HCB_A,4.8046875
H6_CLS-BENZ6-208_H_COOH-T3_CLS-303_CN_H_NH2_-KGD,4.6015625
T3_CLS-303_CN_OH_NH2-L2_CLS-208-202_COOH_COOH_-HCB_A,9.2109375
T3_CLS-303_CN_OH_NH2-L2_CLS-208-202_H_COOH_-HCB_A,9.4609375
T3_CLS-303_H_F_NH2-L2_CLS-208-206_H_COOH_-HCB_A,5.69921875
T3_CLS-303_H_F_NH2-L2_CLS-208-202_OH_COOH_-HCB_A,4.484375
T3_CLS-303_CN_H_NH2-L2_CLS-207_H_H_COOH_-HCB_A,7.90234375
T3_CLS-303_CN_H_NH2-L2_CLS-210_H_H_COOH_-HCB_A,7.06640625
T3_CLS-303_Cl_H_NH2-L2_CLS-208-202_H_CHO_-HCB_A,5.25
T3_CLS-303_H_F_NH2-L2_CLS-208-202_H_CHO_-HCB_A,5.69140625
T3_CLS-303_H_H_NH2-L2_CLS-208-202_CHO_COOH_-HCB_A,19.875
T3_CLS-303_Cl_CHS_NH2-L2_CLS-208-202_H_COOH_-HCB_A,7.91796875
T3_CLS-303_CH3_H_NH2-L2_CLS-208-202_COOH_COOH_-HCB_A,8.890625
T3_CLS-303_Cl_H_NH2-L2_CLS-206_Cl_H_COOH_-HCB_A,6.23828125
T3_CLS-303_H_H_NH2-L2_CLS-206_Cl_H_COOH_-HCB_A,4.8046875
T3_CLS-303_CN_NO_NH2-L2_CLS-208-202_COOH_COOH_-HCB_A,5.890625
T3_CLS-303_H_H_NH2-L2_CLS-208-202_CN_COOH_-HCB_A,3.787109375
T3_CLS-303_Cl_OH_NH2-L2_CLS-208-202_H_COOH_-HCB_A,5.84375
T3_CLS-303_CN_H_NH2-L2_CLS-202_CN_H_COOH_-HCB_A,4.45703125
T3_CLS-303_H_H_NH2-L2_CLS-202_CN_H_COOH_-HCB_A,4.83984375
S4_CLS-PORP_H_H_NH2-L2_CLS-208-202_COOH_COOH_-SQL_A,4.61328125
S4_CLS-PORP_CN_H_NH2-L2_CLS-208-202_H_COOH_-SQL_A,3.208984375
T3_CLS-303_OCOCH3_Cl_NH2-L2_CLS-208-202_H_COOH_-HCB_A,4.35546875
T3_CLS-303_H_H_NH2-L2_CLS-208-202_F_COOH_-HCB_A,19.28125
T3_CLS-303_H_NO_NH2-L2_CLS-208-202_F_COOH_-HCB_A,12.140625
T3_CLS-303_Cl_CN_NH2-L2_CLS-208-202_COOH_COOH_-HCB_A,5.2421875
T3_CLS-303_Cl_CN_NH2-L2_CLS-208-202_H_COOH_-HCB_A,14.5234375
T3_CLS-303_CN_H_NH2-L2_CLS-205_H_H_COOH_-HCB_A,4.02734375
T3_CLS-303_F_NO_NH2-L2_CLS-208-202_H_COOH_-HCB_A,19.046875
T3_CLS-303_H_F_NH2-L2_CLS-208-209_H_COOH_-HCB_A,4.7421875
T3_CLS-303_F_H_NH2-L2_CLS-208-202_COOH_CHO_-HCB_A,3.7578125
T3_CLS-303_F_H_NH2-L2_CLS-208-210_H_COOH_-HCB_A,4.609375
T3_CLS-303_NO_COOH_NH2-L2_CLS-208-202_COOH_COOH_-HCB_A,4.25390625
T3_CLS-303_NO_COOH_NH2-L2_CLS-208-202_H_COOH_-HCB_A,3.72265625
T3_CLS-303_F_COOH_NH2-L2_CLS-208-202_H_COOH_-HCB_A,3.966796875
T3_CLS-303_F_H_NH2-L2_CLS-208-208_H_COOH_-HCB_A,4.6875
T3_CLS-303_F_NO_NH2-L2_CLS-208-202_COOH_COOH_-HCB_A,5.0703125
T3_CLS-303_F_H_NH2-L2_CLS-206_H_H_COOH_-HCB_A,5.00390625
T3_CLS-303_H_NO_NH2-L2_CLS-208-202_COOH_CHO_-HCB_A,4.47265625
T3_CLS-303_F_F_NH2-L2_CLS-208-202_H_COOH_-HCB_A,20.1875
T3_CLS-303_Br_H_NH2-L2_CLS-208-202_COOH_COOH_-HCB_A,5.25
T3_CLS-303_H_Br_NH2-L2_CLS-208-202_H_COOH_-HCB_A,17.4375
T3_CLS-303_H_H_NH2-L2_CLS-208-204_H_COOH_-HCB_A,4.1875
T3_CLS-303_H_NO_NH2-L2_CLS-207_H_H_COOH_-HCB_A,4.84375
T3_CLS-303_H_NO_NH2-L2_CLS-206_H_H_COOH_-HCB_A,5.390625
T3_CLS-303_H_F_NH2-L2_CLS-208-202_F_COOH_-HCB_A,19.5
T3_CLS-303_CH3_F_NH2-L2_CLS-208-202_H_COOH_-HCB_A,7.6875
T3_CLS-303_F_H_NH2-L2_CLS-208-202_F_COOH_-HCB_A,12.359375
T3_CLS-303_F_F_NH2-L2_CLS-208-202_COOH_COOH_-HCB_A,4.48828125
T3_CLS-310-203_H_NH2-L2_CLS-208-202_COOH_COOH_-HCB_A,6.71875
T3_CLS-310-203_H_NH2-L2_CLS-208-202_H_COOH_-HCB_A,4.5234375
T3_CLS-303_H_F_NH2-L2_CLS-208-203_H_COOH_-HCB_A,8.953125
T3_CLS-303_F_F_COOH-L2_CLS-208-202_COOH_NH2_-HCB_A,5.03515625
S4_CLS-PORP_H_COOH_NH2-L2_CLS-208-202_H_COOH_-SQL_A,4.078125
H6_CLS-BENZ6-208_H_COOH-T3_CLS-303_H_NH2_NH2_-KGD,4.375
T3_CLS-303_F_NH2_NH2-L2_CLS-208-202_H_COOH_-HCB_A,4.453125
T3_CLS-303_F_NH2_NH2-L2_CLS-208-202_COOH_COOH_-HCB_A,4.87890625
H6_CLS-BENZ6-202_COOH_COOH-T3_CLS-303_H_H_NH2_-KGD,3.28515625
T3_CLS-303_H_F_NH2-L2_CLS-205_F_H_COOH_-HCB_A,4.328125
T3_CLS-303_H_H_NH2-L2_CLS-205_F_H_COOH_-HCB_A,4.37109375
T3_CLS-303_H_H_NH2-L2_CLS-208-202_OMe_COOH_-HCB_A,5.71484375
T3_CLS-303_H_F_NH2-L2_CLS-208-202_COOH_CHO_-HCB_A,3.884765625
T3_CLS-303_F_CHS_NH2-L2_CLS-208-202_COOH_COOH_-HCB_A,5.60546875
T3_CLS-303_F_CHS_NH2-L2_CLS-208-202_H_COOH_-HCB_A,9.0703125
T3_CLS-303_F_H_NH2-L2_CLS-208-207_COOH_COOH_-HCB_A,5.8671875
T3_CLS-303_H_F_NH2-L2_CLS-208-207_COOH_COOH_-HCB_A,4.578125
T3_CLS-303_F_F_NH2-L2_CLS-208-202_COOH_CHO_-HCB_A,3.732421875
T3_CLS-303_F_H_NH2-L2_CLS-209_H_H_COOH_-HCB_A,4.01171875
T3_CLS-303_H_H_NH2-L2_CLS-208-209_COOH_COOH_-HCB_A,3.794921875
T3_CLS-306_F_H_NH2-L2_CLS-208-202_H_COOH_-HCB_A,3.77734375
T3_CLS-310-202_COOH_NH2-L2_CLS-208-202_H_COOH_-HCB_A,4.26171875
T3_CLS-303_NO_OH_NH2-L2_CLS-208-202_H_COOH_-HCB_A,11.3046875
H6_CLS-BENZ6-208_H_COOH-T3_CLS-303_H_F_NH2_-KGD,4.49609375
T3_CLS-303_F_H_NH2-L2_CLS-208-205_H_COOH_-HCB_A,19.890625
T3_CLS-303_H_F_NH2-L2_CLS-208-204_H_COOH_-HCB_A,3.640625
T3_CLS-303_F_H_NH2-L2_CLS-208-202_SO2H_COOH_-HCB_A,4.4921875
T3_CLS-303_H_H_NH2-L2_CLS-208-202_Br_COOH_-HCB_A,20.6875
T3_CLS-303_F_H_NH2-L2_CLS-208-202_NO2_COOH_-HCB_A,9.0546875
T3_CLS-303_H_H_NH2-L2_CLS-208-206_COOH_COOH_-HCB_A,3.984375
T3_CLS-303_H_F_NH2-L2_CLS-208-201_H_COOH_-HCB_A,4.8671875
T3_CLS-303_H_F_NH2-L2_CLS-208-205_H_COOH_-HCB_A,15.90625
T3_CLS-303_H_H_NH2-L2_CLS-208-201_H_COOH_-HCB_A,8.0703125
T3_CLS-303_F_H_NH2-L2_CLS-208-202_CH3_COOH_-HCB_A,9.734375
T3_CLS-303_F_H_NH2-L2_CLS-208-205_COOH_COOH_-HCB_A,3.38671875
T3_CLS-303_H_F_NH2-L2_CLS-208-205_COOH_COOH_-HCB_A,3.279296875
T3_CLS-303_H_H_NH2-L2_CLS-208-205_OCOCH3_COOH_-HCB_A,4.125
T3_CLS-303_F_NO_NH2-L2_CLS-208-208_H_COOH_-HCB_A,4.37890625
T3_CLS-303_H_H_NH2-L2_CLS-205_H_COOH_COOH_-HCB_A,4.19921875
T3_CLS-303_F_H_NH2-L2_CLS-208-209_H_COOH_-HCB_A,7.33203125
T3_CLS-303_H_F_NH2-L2_CLS-208-203_COOH_COOH_-HCB_A,5.21875
T3_CLS-303_F_H_NH2-L2_CLS-208-206_H_COOH_-HCB_A,7.41796875
T3_CLS-303_F_CHO_NH2-L2_CLS-208-202_H_COOH_-HCB_A,5.6328125
T3_CLS-303_F_SH_NH2-L2_CLS-208-202_H_COOH_-HCB_A,8.7578125
T3_CLS-303_F_OCOCH3_NH2-L2_CLS-208-202_H_COOH_-HCB_A,10.2578125
T3_CLS-303_I_H_NH2-L2_CLS-208-202_COOH_COOH_-HCB_A,5.57421875
T3_CLS-303_H_H_NH2-L2_CLS-208-202_OCOCH3_COOH_-HCB_A,4.10546875
T3_CLS-303_H_H_NH2-L2_CLS-207_F_H_COOH_-HCB_A,3.724609375
T3_CLS-303_H_H_NH2-L2_CLS-206_F_H_CHO_-HCB_A,4.48046875
T3_CLS-303_H_NO_NH2-L2_CLS-206_F_H_CHO_-HCB_A,4.5390625
T3_CLS-303_H_H_NH2-L2_CLS-209_F_H_COOH_-HCB_A,5.84375
T3_CLS-303_F_H_NH2-L2_CLS-208-202_SH_COOH_-HCB_A,4.57421875
T3_CLS-303_F_H_NH2-L2_CLS-208-202_EPO_COOH_-HCB_A,19.34375
T3_CLS-303_F_H_NH2-L2_CLS-207_H_H_COOH_-HCB_A,4.26953125
T3_CLS-303_H_NO_NH2-L2_CLS-208-209_H_COOH_-HCB_A,7.5234375
T3_CLS-303_H_F_CHO-L2_CLS-208-202_SH_NH2_-HCB_A,4.4765625
T3_CLS-303_H_H_NH2-L2_CLS-208-202_CHS_COOH_-HCB_A,20.265625
T3_CLS-303_H_F_NHOH-L2_CLS-208-202_COOH_CHO_-HCB_A,5.26171875
T3_CLS-303_H_H_NH2-L2_CLS-208-205_SH_COOH_-HCB_A,6.50390625
T3_CLS-303_H_F_NH2-L2_CLS-208-202_SH_COOH_-HCB_A,4.54296875
T3_CLS-303_H_NO_NH2-L2_CLS-208-205_H_COOH_-HCB_A,9.34375
T3_CLS-303_H_NO_NH2-L2_CLS-208-202_EPO_COOH_-HCB_A,17.8125
T3_CLS-303_F_H_NH2-L2_CLS-208-205_EPO_COOH_-HCB_A,8.9453125
T3_CLS-303_H_H_NH2-L2_CLS-208-205_EPO_COOH_-HCB_A,9.2578125
T3_CLS-303_H_NO_NH2-L2_CLS-208-204_H_COOH_-HCB_A,4.54296875
T3_CLS-303_H_NO_NH2-L2_CLS-208-205_EPO_COOH_-HCB_A,6.45703125
T3_CLS-303_NO_H_NH2-L2_CLS-208-202_SH_COOH_-HCB_A,14.2890625
T3_CLS-303_F_H_NH2-L2_CLS-208-202_CN_COOH_-HCB_A,4.08203125
T3_CLS-303_H_NO_NH2-L2_CLS-208-202_SH_COOH_-HCB_A,20.359375
T3_CLS-303_F_I_NH2-L2_CLS-208-202_H_COOH_-HCB_A,8.875
T3_CLS-303_OCOCH3_H_NH2-L2_CLS-208-202_SH_COOH_-HCB_A,19.09375
T3_CLS-303_F_H_NH2-L2_CLS-207_CN_H_COOH_-HCB_A,3.876953125
T3_CLS-303_H_H_NH2-L2_CLS-207_CN_H_COOH_-HCB_A,3.32421875
T3_CLS-303_CHO_F_NH2-L2_CLS-208-202_H_COOH_-HCB_A,5.1640625
T3_CLS-303_H_NH2_NH2-L2_CLS-207_H_H_COOH_-HCB_A,3.970703125
T3_CLS-303_I_NO2_NH2-L2_CLS-208-202_H_COOH_-HCB_A,9.2265625
T3_CLS-303_OCOCH3_F_NH2-L2_CLS-208-202_H_COOH_-HCB_A,7.16796875
T3_CLS-303_F_CH3_NH2-L2_CLS-208-202_H_COOH_-HCB_A,9.2421875
T3_CLS-303_H_F_NH2-L2_CLS-208-202_CHS_COOH_-HCB_A,6.125
T3_CLS-303_H_H_NH2-L2_CLS-202_NO_H_COOH_-HCB_A,4.2734375
T3_CLS-303_H_H_NH2-L2_CLS-204-206_H_COOH_-HCB_A,10.59375
T3_CLS-303_NO_H_NH2-L2_CLS-204-206_H_COOH_-HCB_A,6.6171875
T3_CLS-303_H_H_NH2-L2_CLS-208-205_COOH_COOH_-HCB_A,3.390625
T3_CLS-303_H_NH2_NH2-L2_CLS-208-202_SH_COOH_-HCB_A,5.0234375
T3_CLS-303_F_H_NH2-L2_CLS-208-204_H_COOH_-HCB_A,3.716796875
T3_CLS-303_H_CH3_NH2-L2_CLS-208-202_COOH_COOH_-HCB_A,8.53125
T3_CLS-303_H_F_NH2-L2_CLS-208-202_CN_COOH_-HCB_A,3.728515625
T3_CLS-303_H_H_NH2-L2_CLS-206_F_H_COOH_-HCB_A,4.3515625
T3_CLS-303_H_H_NH2-L2_CLS-208-205_I_COOH_-HCB_A,8.6796875
T3_CLS-303_CHO_H_NH2-L2_CLS-208-202_COOH_COOH_-HCB_A,7.265625
T3_CLS-303_H_H_NH2-L2_CLS-208-209_SH_COOH_-HCB_A,4.62890625
T3_CLS-303_H_NO_NH2-L2_CLS-204-202_H_COOH_-HCB_A,3.828125
T3_CLS-303_H_H_NH2-L2_CLS-209_H_EPO_COOH_-HCB_A,5.6328125
H6_CLS-BENZ6-208_SH_COOH-T3_CLS-303_F_H_NH2_-KGD,4.33984375
H6_CLS-BENZ6-208_SH_COOH-T3_CLS-303_H_H_NH2_-KGD,5.28515625
T3_CLS-303_H_H_NH2-L2_CLS-208-204_COOH_COOH_-HCB_A,4.328125
T3_CLS-303_F_H_NH2-L2_CLS-208-210_SH_COOH_-HCB_A,3.734375
T3_CLS-303_F_EPO_NH2-L2_CLS-208-202_H_COOH_-HCB_A,4.21484375
T3_CLS-303_F_H_NH2-L2_CLS-208-205_SH_COOH_-HCB_A,5.36328125
T3_CLS-303_H_NO_NH2-L2_CLS-208-206_H_COOH_-HCB_A,8.3515625
T3_CLS-303_F_H_NH2-L2_CLS-205_H_H_COOH_-HCB_A,4.19140625
T3_CLS-303_F_H_NH2-L2_CLS-208-208_SH_COOH_-HCB_A,4.55859375
T3_CLS-303_F_F_NH2-L2_CLS-210_H_SH_COOH_-HCB_A,4.16796875
T3_CLS-303_H_H_NH2-L2_CLS-210_H_SH_COOH_-HCB_A,3.8828125
T3_CLS-303_F_H_NH2-L2_CLS-208-203_COOH_COOH_-HCB_A,4.91015625
T3_CLS-303_F_H_NH2-L2_CLS-208-201_H_COOH_-HCB_A,4.93359375
T3_CLS-303_CN_H_NH2-L2_CLS-208-202_SH_COOH_-HCB_A,14.75
H6_CLS-BENZ6-208_H_COOH-T3_CLS-303_F_H_NH2_-KGD,4.52734375
T3_CLS-303_H_NO_NH2-L2_CLS-208-202_OMe_COOH_-HCB_A,19.546875
T3_CLS-303_SO2H_H_NH2-L2_CLS-208-202_SH_COOH_-HCB_A,4.20703125
T3_CLS-303_H_H_NH2-L2_CLS-208-201_COOH_COOH_-HCB_A,4.21484375
T3_CLS-303_Cl_H_NH2-L2_CLS-208-202_SH_COOH_-HCB_A,4.5234375
T3_CLS-303_H_H_NH2-L2_CLS-203_H_F_COOH_-HCB_A,4.93359375
T3_CLS-303_F_OCOCH3_NH2-L2_CLS-208-202_COOH_COOH_-HCB_A,9.25
T3_CLS-303_OCOCH3_H_NH2-L2_CLS-208-205_H_COOH_-HCB_A,5.37109375
T3_CLS-303_OCOCH3_OCOCH3_NH2-L2_CLS-208-202_H_COOH_-HCB_A,9.3125
T3_CLS-303_OCOCH3_NO_NH2-L2_CLS-208-202_H_COOH_-HCB_A,4.640625
T3_CLS-303_OCOCH3_H_NH2-L2_CLS-207_H_H_COOH_-HCB_A,9.25
T3_CLS-303_OCOCH3_H_NH2-L2_CLS-209_H_H_COOH_-HCB_A,4.6953125
T3_CLS-303_OCOCH3_OCOCH3_NH2-L2_CLS-208-202_COOH_COOH_-HCB_A,19.0625
T3_CLS-303_OCOCH3_H_NH2-L2_CLS-205_H_H_COOH_-HCB_A,4.62109375
T3_CLS-303_OCOCH3_H_NH2-L2_CLS-208-205_SH_COOH_-HCB_A,2.33203125
T3_CLS-303_OCOCH3_CHS_NH2-L2_CLS-208-202_H_COOH_-HCB_A,4.41015625
T3_CLS-303_H_COOH_NH2-L2_CLS-208-202_SH_COOH_-HCB_A,3.54296875
T3_CLS-303_H_COOH_NH2-L2_CLS-208-205_SH_COOH_-HCB_A,3.9765625
T3_CLS-303_CHS_CN_NH2-L2_CLS-208-202_H_COOH_-HCB_A,9.234375
T3_CLS-303_OCOCH3_NO_NH2-L2_CLS-208-205_H_COOH_-HCB_A,19.765625
T3_CLS-303_H_F_NH2-L2_CLS-208-205_SH_COOH_-HCB_A,4.43359375
T3_CLS-303_F_OCOCH3_NH2-L2_CLS-208-202_SH_COOH_-HCB_A,16.1875
T3_CLS-303_F_F_NH2-L2_CLS-208-202_SH_COOH_-HCB_A,4.5078125
T3_CLS-303_H_NH2_NH2-L2_CLS-208-205_H_COOH_-HCB_A,5.27734375
T3_CLS-303_H_NH2_NH2-L2_CLS-208-205_SH_COOH_-HCB_A,4.609375
T3_CLS-303_NO2_H_NH2-L2_CLS-208-202_SH_COOH_-HCB_A,8.3125
T3_CLS-303_NO2_H_NH2-L2_CLS-208-205_SH_COOH_-HCB_A,4.25390625
T3_CLS-303_OCOCH3_NO_NH2-L2_CLS-208-202_SH_COOH_-HCB_A,19.75
T3_CLS-303_H_NO_NH2-L2_CLS-208-205_SH_COOH_-HCB_A,9.1171875
T3_CLS-303_OCOCH3_F_NH2-L2_CLS-208-205_H_COOH_-HCB_A,7.2734375
T3_CLS-303_F_NO_NH2-L2_CLS-208-205_H_COOH_-HCB_A,6.9609375
T3_CLS-303_NO_H_NH2-L2_CLS-208-205_H_COOH_-HCB_A,19.421875
T3_CLS-303_H_I_NH2-L2_CLS-208-202_SH_COOH_-HCB_A,7.87109375
T3_CLS-303_H_I_NH2-L2_CLS-208-205_H_COOH_-HCB_A,19.0625
T3_CLS-303_F_CHS_NH2-L2_CLS-208-205_H_COOH_-HCB_A,6.76171875
T3_CLS-303_CHS_H_NH2-L2_CLS-208-205_H_COOH_-HCB_A,8.96875
T3_CLS-303_F_SH_NH2-L2_CLS-208-202_SH_COOH_-HCB_A,4.4921875
T3_CLS-303_F_SH_NH2-L2_CLS-208-205_H_COOH_-HCB_A,4.6484375
T3_CLS-303_F_CHS_NH2-L2_CLS-208-205_SH_COOH_-HCB_A,4.40625
T3_CLS-303_NO_F_NH2-L2_CLS-208-205_H_COOH_-HCB_A,9.15625
T3_CLS-303_F_CHS_NH2-L2_CLS-208-202_SH_COOH_-HCB_A,6.58984375
T3_CLS-306_H_H_NH2-L2_CLS-208-205_H_COOH_-HCB_A,5.11328125
T3_CLS-303_Br_H_NH2-L2_CLS-208-205_H_COOH_-HCB_A,9.625
T3_CLS-303_NO2_H_NH2-L2_CLS-208-205_H_COOH_-HCB_A,21.140625
T3_CLS-303_H_F_NH2-L2_CLS-208-205_CHS_COOH_-HCB_A,8.5703125
T3_CLS-303_H_H_NH2-L2_CLS-208-205_CHS_COOH_-HCB_A,19.453125
T3_CLS-303_OCOCH3_OCOCH3_NH2-L2_CLS-208-205_H_COOH_-HCB_A,2.8203125
T3_CLS-303_CN_H_NH2-L2_CLS-208-205_H_COOH_-HCB_A,8.0078125
T3_CLS-303_H_NO2_NH2-L2_CLS-208-205_H_COOH_-HCB_A,4.26171875
T3_CLS-303_SO2H_H_NH2-L2_CLS-208-205_H_COOH_-HCB_A,4.32421875
T3_CLS-303_SO2H_H_NH2-L2_CLS-208-205_SH_COOH_-HCB_A,4.3671875
T3_CLS-303_F_H_NH2-L2_CLS-205_F_SH_COOH_-HCB_A,4.40625
T3_CLS-303_H_H_NH2-L2_CLS-205_F_SH_COOH_-HCB_A,4.5625
T3_CLS-303_H_NO_NH2-L2_CLS-205_F_SH_COOH_-HCB_A,4.390625
T3_CLS-303_F_H_NH2-L2_CLS-205_CN_H_COOH_-HCB_A,3.849609375
T3_CLS-303_NO2_H_NH2-L2_CLS-205_CN_H_COOH_-HCB_A,2.9375
T3_CLS-303_H_NO_NH2-L2_CLS-210_H_SH_COOH_-HCB_A,4.484375
T3_CLS-303_NO_NO_NH2-L2_CLS-208-205_H_COOH_-HCB_A,20.1875
T3_CLS-303_H_F_NH2-L2_CLS-205_H_SH_COOH_-HCB_A,3.33203125
T3_CLS-303_H_H_NH2-L2_CLS-205_H_SH_COOH_-HCB_A,4.328125
T3_CLS-303_H_F_NH2-L2_CLS-202_F_H_COOH_-HCB_A,4.39453125
T3_CLS-303_H_NH2_NH2-L2_CLS-208-205_CHS_COOH_-HCB_A,5.5
T3_CLS-310-205_H_NH2-L2_CLS-208-202_H_COOH_-HCB_A,3.7421875
T3_CLS-310-205_H_NH2-L2_CLS-208-205_H_COOH_-HCB_A,3.0859375
T3_CLS-303_NO_H_NH2-L2_CLS-208-205_SH_COOH_-HCB_A,9.03125
T3_CLS-303_F_H_NH2-L2_CLS-208-205_OH_COOH_-HCB_A,4.41796875
T3_CLS-303_H_H_NH2-L2_CLS-208-205_OH_COOH_-HCB_A,20.40625
T3_CLS-303_H_H_NH2-L2_CLS-208-204_SH_COOH_-HCB_A,4.15625
